"ts","delay"
2020-01-01 00:00:00,0.358820
2020-01-01 00:05:00,0.115009
2020-01-01 00:10:00,0.218436
2020-01-01 00:15:00,0.444060
2020-01-01 00:20:00,0.377323
2020-01-01 00:25:00,0.213315
2020-01-01 00:30:00,0.016419
2020-01-01 00:35:00,0.025024
2020-01-01 00:40:00,0.116875
2020-01-01 00:45:00,0.069225
2020-01-01 00:50:00,0.303443
2020-01-01 00:55:00,0.179520
2020-01-01 01:00:00,0.065227
2020-01-01 01:05:00,0.122821
2020-01-01 01:10:00,0.103124
2020-01-01 01:15:00,0.310559
2020-01-01 01:20:00,0.006802
2020-01-01 01:25:00,0.099440
2020-01-01 01:30:00,0.160318
2020-01-01 01:35:00,0.198003
2020-01-01 01:40:00,0.449220
2020-01-01 01:45:00,0.051656
2020-01-01 01:50:00,0.010015
2020-01-01 01:55:00,0.317477
2020-01-01 02:00:00,0.306140
2020-01-01 02:05:00,0.071175
2020-01-01 02:10:00,0.111077
2020-01-01 02:15:00,0.071425
2020-01-01 02:20:00,0.263404
2020-01-01 02:25:00,0.258415
2020-01-01 02:30:00,0.392199
2020-01-01 02:35:00,0.182461
2020-01-01 02:40:00,0.005446
2020-01-01 02:45:00,0.112639
2020-01-01 02:50:00,0.038438
2020-01-01 02:55:00,0.120045
2020-01-01 03:00:00,0.055367
2020-01-01 03:05:00,0.097546
2020-01-01 03:10:00,0.075193
2020-01-01 03:15:00,0.126203
2020-01-01 03:20:00,0.052762
2020-01-01 03:25:00,0.173809
2020-01-01 03:30:00,0.066533
2020-01-01 03:35:00,0.247156
2020-01-01 03:40:00,0.115399
2020-01-01 03:45:00,0.053516
2020-01-01 03:50:00,0.204509
2020-01-01 03:55:00,0.126718
2020-01-01 04:00:00,0.309517
2020-01-01 04:05:00,0.382387
2020-01-01 04:10:00,0.254196
2020-01-01 04:15:00,0.011312
2020-01-01 04:20:00,0.231971
2020-01-01 04:25:00,0.262002
2020-01-01 04:30:00,0.080707
2020-01-01 04:35:00,0.218061
2020-01-01 04:40:00,0.107180
2020-01-01 04:45:00,0.169784
2020-01-01 04:50:00,0.045353
2020-01-01 04:55:00,0.362720
2020-01-01 05:00:00,0.066163
2020-01-01 05:05:00,0.115336
2020-01-01 05:10:00,0.380110
2020-01-01 05:15:00,0.216766
2020-01-01 05:20:00,0.390920
2020-01-01 05:25:00,0.387223
2020-01-01 05:30:00,0.308134
2020-01-01 05:35:00,0.377323
2020-01-01 05:40:00,0.205441
2020-01-01 05:45:00,0.384921
2020-01-01 05:50:00,0.186924
2020-01-01 05:55:00,0.212808
2020-01-01 06:00:00,0.015766
2020-01-01 06:05:00,0.153249
2020-01-01 06:10:00,0.208331
2020-01-01 06:15:00,0.110766
2020-01-01 06:20:00,0.096789
2020-01-01 06:25:00,0.280582
2020-01-01 06:30:00,0.016727
2020-01-01 06:35:00,0.374052
2020-01-01 06:40:00,0.163656
2020-01-01 06:45:00,0.116314
2020-01-01 06:50:00,0.139873
2020-01-01 06:55:00,0.049166
2020-01-01 07:00:00,0.164396
2020-01-01 07:05:00,0.146548
2020-01-01 07:10:00,0.006240
2020-01-01 07:15:00,0.114267
2020-01-01 07:20:00,0.122022
2020-01-01 07:25:00,0.073271
2020-01-01 07:30:00,0.156995
2020-01-01 07:35:00,0.469489
2020-01-01 07:40:00,0.212312
2020-01-01 07:45:00,0.243155
2020-01-01 07:50:00,0.031277
2020-01-01 07:55:00,0.349755
2020-01-01 08:00:00,0.025877
2020-01-01 08:05:00,0.244875
2020-01-01 08:10:00,0.388401
2020-01-01 08:15:00,0.213195
2020-01-01 08:20:00,0.059127
2020-01-01 08:25:00,0.194415
2020-01-01 08:30:00,0.255849
2020-01-01 08:35:00,0.100133
2020-01-01 08:40:00,0.208090
2020-01-01 08:45:00,0.100452
2020-01-01 08:50:00,0.196644
2020-01-01 08:55:00,0.165319
2020-01-01 09:00:00,0.046601
2020-01-01 09:05:00,0.155243
2020-01-01 09:10:00,0.052801
2020-01-01 09:15:00,0.319307
2020-01-01 09:20:00,0.091214
2020-01-01 09:25:00,0.036454
2020-01-01 09:30:00,0.137017
2020-01-01 09:35:00,0.012810
2020-01-01 09:40:00,0.181442
2020-01-01 09:45:00,0.190686
2020-01-01 09:50:00,0.430178
2020-01-01 09:55:00,0.282395
2020-01-01 10:00:00,0.000684
2020-01-01 10:05:00,0.240052
2020-01-01 10:10:00,0.160612
2020-01-01 10:15:00,0.157907
2020-01-01 10:20:00,0.039127
2020-01-01 10:25:00,0.093516
2020-01-01 10:30:00,0.025931
2020-01-01 10:35:00,0.206180
2020-01-01 10:40:00,0.100182
2020-01-01 10:45:00,0.184041
2020-01-01 10:50:00,0.040433
2020-01-01 10:55:00,0.111254
2020-01-01 11:00:00,0.447352
2020-01-01 11:05:00,0.035922
2020-01-01 11:10:00,0.129546
2020-01-01 11:15:00,0.054785
2020-01-01 11:20:00,0.071453
2020-01-01 11:25:00,0.084981
2020-01-01 11:30:00,0.000945
2020-01-01 11:35:00,0.117850
2020-01-01 11:40:00,0.183124
2020-01-01 11:45:00,0.310632
2020-01-01 11:50:00,0.119674
2020-01-01 11:55:00,0.164481
2020-01-01 12:00:00,0.019722
2020-01-01 12:05:00,0.249468
2020-01-01 12:10:00,0.236470
2020-01-01 12:15:00,0.136622
2020-01-01 12:20:00,0.068852
2020-01-01 12:25:00,0.167096
2020-01-01 12:30:00,0.167670
2020-01-01 12:35:00,0.152588
2020-01-01 12:40:00,0.034079
2020-01-01 12:45:00,0.077222
2020-01-01 12:50:00,0.137127
2020-01-01 12:55:00,0.059282
2020-01-01 13:00:00,0.060887
2020-01-01 13:05:00,0.114810
2020-01-01 13:10:00,0.393117
2020-01-01 13:15:00,0.113209
2020-01-01 13:20:00,0.131738
2020-01-01 13:25:00,0.022721
2020-01-01 13:30:00,0.412527
2020-01-01 13:35:00,0.023716
2020-01-01 13:40:00,0.225843
2020-01-01 13:45:00,0.318120
2020-01-01 13:50:00,0.094663
2020-01-01 13:55:00,0.152314
2020-01-01 14:00:00,0.259982
2020-01-01 14:05:00,0.166789
2020-01-01 14:10:00,0.276195
2020-01-01 14:15:00,0.455326
2020-01-01 14:20:00,0.019173
2020-01-01 14:25:00,0.246708
2020-01-01 14:30:00,0.060945
2020-01-01 14:35:00,0.147685
2020-01-01 14:40:00,0.109628
2020-01-01 14:45:00,0.339885
2020-01-01 14:50:00,0.022353
2020-01-01 14:55:00,0.162599
2020-01-01 15:00:00,0.167496
2020-01-01 15:05:00,0.014950
2020-01-01 15:10:00,0.019575
2020-01-01 15:15:00,0.236135
2020-01-01 15:20:00,0.060342
2020-01-01 15:25:00,0.035937
2020-01-01 15:30:00,0.032460
2020-01-01 15:35:00,0.024294
2020-01-01 15:40:00,0.092549
2020-01-01 15:45:00,0.015291
2020-01-01 15:50:00,0.446890
2020-01-01 15:55:00,0.212094
2020-01-01 16:00:00,0.177044
2020-01-01 16:05:00,0.181703
2020-01-01 16:10:00,0.151862
2020-01-01 16:15:00,0.124085
2020-01-01 16:20:00,0.340139
2020-01-01 16:25:00,0.234484
2020-01-01 16:30:00,0.071489
2020-01-01 16:35:00,0.146893
2020-01-01 16:40:00,0.105981
2020-01-01 16:45:00,0.287401
2020-01-01 16:50:00,0.154372
2020-01-01 16:55:00,0.168333
2020-01-01 17:00:00,0.044150
2020-01-01 17:05:00,0.210054
2020-01-01 17:10:00,0.104248
2020-01-01 17:15:00,0.040673
2020-01-01 17:20:00,0.072244
2020-01-01 17:25:00,0.009395
2020-01-01 17:30:00,0.093608
2020-01-01 17:35:00,0.193927
2020-01-01 17:40:00,0.052324
2020-01-01 17:45:00,0.131755
2020-01-01 17:50:00,0.158476
2020-01-01 17:55:00,0.006490
2020-01-01 18:00:00,0.200818
2020-01-01 18:05:00,0.112707
2020-01-01 18:10:00,0.050382
2020-01-01 18:15:00,0.338098
2020-01-01 18:20:00,0.072834
2020-01-01 18:25:00,0.144885
2020-01-01 18:30:00,0.003670
2020-01-01 18:35:00,0.196839
2020-01-01 18:40:00,0.247461
2020-01-01 18:45:00,0.305643
2020-01-01 18:50:00,0.195879
2020-01-01 18:55:00,0.180525
2020-01-01 19:00:00,0.107167
2020-01-01 19:05:00,0.107022
2020-01-01 19:10:00,0.189080
2020-01-01 19:15:00,0.054010
2020-01-01 19:20:00,0.010396
2020-01-01 19:25:00,0.186538
2020-01-01 19:30:00,0.001741
2020-01-01 19:35:00,0.353219
2020-01-01 19:40:00,0.165838
2020-01-01 19:45:00,0.109765
2020-01-01 19:50:00,0.068871
2020-01-01 19:55:00,0.315192
2020-01-01 20:00:00,0.350872
2020-01-01 20:05:00,0.209635
2020-01-01 20:10:00,0.147555
2020-01-01 20:15:00,0.065593
2020-01-01 20:20:00,0.020218
2020-01-01 20:25:00,0.060271
2020-01-01 20:30:00,0.212056
2020-01-01 20:35:00,0.091724
2020-01-01 20:40:00,0.198813
2020-01-01 20:45:00,0.092970
2020-01-01 20:50:00,0.099753
2020-01-01 20:55:00,0.190343
2020-01-01 21:00:00,0.044422
2020-01-01 21:05:00,0.186586
2020-01-01 21:10:00,0.057466
2020-01-01 21:15:00,0.028115
2020-01-01 21:20:00,0.078208
2020-01-01 21:25:00,0.200041
2020-01-01 21:30:00,0.022899
2020-01-01 21:35:00,0.125244
2020-01-01 21:40:00,0.023743
2020-01-01 21:45:00,0.190104
2020-01-01 21:50:00,0.126266
2020-01-01 21:55:00,0.093367
2020-01-01 22:00:00,0.104059
2020-01-01 22:05:00,0.404760
2020-01-01 22:10:00,0.079103
2020-01-01 22:15:00,0.034430
2020-01-01 22:20:00,0.075892
2020-01-01 22:25:00,0.474729
2020-01-01 22:30:00,0.088432
2020-01-01 22:35:00,0.354319
2020-01-01 22:40:00,0.221235
2020-01-01 22:45:00,0.279286
2020-01-01 22:50:00,0.245225
2020-01-01 22:55:00,0.132142
2020-01-01 23:00:00,0.181373
2020-01-01 23:05:00,0.227500
2020-01-01 23:10:00,0.197675
2020-01-01 23:15:00,0.314000
2020-01-01 23:20:00,0.142354
2020-01-01 23:25:00,0.035306
2020-01-01 23:30:00,0.082894
2020-01-01 23:35:00,0.240164
2020-01-01 23:40:00,0.275512
2020-01-01 23:45:00,0.525456
2020-01-01 23:50:00,0.030261
2020-01-01 23:55:00,0.029559
2020-01-02 00:00:00,0.111894
2020-01-02 00:05:00,0.037355
2020-01-02 00:10:00,0.239460
2020-01-02 00:15:00,0.001607
2020-01-02 00:20:00,0.276121
2020-01-02 00:25:00,0.203514
2020-01-02 00:30:00,0.289266
2020-01-02 00:35:00,0.074906
2020-01-02 00:40:00,0.132622
2020-01-02 00:45:00,0.230813
2020-01-02 00:50:00,0.094294
2020-01-02 00:55:00,0.354997
2020-01-02 01:00:00,0.003683
2020-01-02 01:05:00,0.086757
2020-01-02 01:10:00,0.210929
2020-01-02 01:15:00,0.295945
2020-01-02 01:20:00,0.197935
2020-01-02 01:25:00,0.115248
2020-01-02 01:30:00,0.262435
2020-01-02 01:35:00,0.055070
2020-01-02 01:40:00,0.010898
2020-01-02 01:45:00,0.007206
2020-01-02 01:50:00,0.023833
2020-01-02 01:55:00,0.081638
2020-01-02 02:00:00,0.000212
2020-01-02 02:05:00,0.314882
2020-01-02 02:10:00,0.236216
2020-01-02 02:15:00,0.254660
2020-01-02 02:20:00,0.072780
2020-01-02 02:25:00,0.060695
2020-01-02 02:30:00,0.211953
2020-01-02 02:35:00,0.275480
2020-01-02 02:40:00,0.047111
2020-01-02 02:45:00,0.403010
2020-01-02 02:50:00,0.035504
2020-01-02 02:55:00,0.078347
2020-01-02 03:00:00,0.078613
2020-01-02 03:05:00,0.106893
2020-01-02 03:10:00,0.153751
2020-01-02 03:15:00,0.045018
2020-01-02 03:20:00,0.137684
2020-01-02 03:25:00,0.124595
2020-01-02 03:30:00,0.050091
2020-01-02 03:35:00,0.180747
2020-01-02 03:40:00,0.148924
2020-01-02 03:45:00,0.020049
2020-01-02 03:50:00,0.246026
2020-01-02 03:55:00,0.183796
2020-01-02 04:00:00,0.004694
2020-01-02 04:05:00,0.123095
2020-01-02 04:10:00,0.140599
2020-01-02 04:15:00,0.121960
2020-01-02 04:20:00,0.004231
2020-01-02 04:25:00,0.106361
2020-01-02 04:30:00,0.111269
2020-01-02 04:35:00,0.004733
2020-01-02 04:40:00,0.011551
2020-01-02 04:45:00,0.118076
2020-01-02 04:50:00,0.086040
2020-01-02 04:55:00,0.023725
2020-01-02 05:00:00,0.064060
2020-01-02 05:05:00,0.151648
2020-01-02 05:10:00,0.203566
2020-01-02 05:15:00,0.019896
2020-01-02 05:20:00,0.115832
2020-01-02 05:25:00,0.083490
2020-01-02 05:30:00,0.102400
2020-01-02 05:35:00,0.273360
2020-01-02 05:40:00,0.164401
2020-01-02 05:45:00,0.003387
2020-01-02 05:50:00,0.076250
2020-01-02 05:55:00,0.342175
2020-01-02 06:00:00,0.033442
2020-01-02 06:05:00,0.043228
2020-01-02 06:10:00,0.022476
2020-01-02 06:15:00,0.126808
2020-01-02 06:20:00,0.115564
2020-01-02 06:25:00,0.088613
2020-01-02 06:30:00,0.190118
2020-01-02 06:35:00,0.286582
2020-01-02 06:40:00,0.027319
2020-01-02 06:45:00,0.287949
2020-01-02 06:50:00,0.228388
2020-01-02 06:55:00,0.227410
2020-01-02 07:00:00,0.030554
2020-01-02 07:05:00,0.320957
2020-01-02 07:10:00,0.094763
2020-01-02 07:15:00,0.100172
2020-01-02 07:20:00,0.136439
2020-01-02 07:25:00,0.083806
2020-01-02 07:30:00,0.123867
2020-01-02 07:35:00,0.031450
2020-01-02 07:40:00,0.124363
2020-01-02 07:45:00,0.060976
2020-01-02 07:50:00,0.039289
2020-01-02 07:55:00,0.236394
2020-01-02 08:00:00,0.110847
2020-01-02 08:05:00,0.082716
2020-01-02 08:10:00,0.113740
2020-01-02 08:15:00,0.225280
2020-01-02 08:20:00,0.297850
2020-01-02 08:25:00,0.114281
2020-01-02 08:30:00,0.244478
2020-01-02 08:35:00,0.178511
2020-01-02 08:40:00,0.198535
2020-01-02 08:45:00,0.421876
2020-01-02 08:50:00,0.037082
2020-01-02 08:55:00,0.469060
2020-01-02 09:00:00,0.102570
2020-01-02 09:05:00,0.213164
2020-01-02 09:10:00,0.238460
2020-01-02 09:15:00,0.078865
2020-01-02 09:20:00,0.236884
2020-01-02 09:25:00,0.239155
2020-01-02 09:30:00,0.085453
2020-01-02 09:35:00,0.424622
2020-01-02 09:40:00,0.210876
2020-01-02 09:45:00,0.037202
2020-01-02 09:50:00,0.269623
2020-01-02 09:55:00,0.081283
2020-01-02 10:00:00,0.165029
2020-01-02 10:05:00,0.280832
2020-01-02 10:10:00,0.025371
2020-01-02 10:15:00,0.226132
2020-01-02 10:20:00,0.076355
2020-01-02 10:25:00,0.265733
2020-01-02 10:30:00,0.188750
2020-01-02 10:35:00,0.148455
2020-01-02 10:40:00,0.489878
2020-01-02 10:45:00,0.144299
2020-01-02 10:50:00,0.024823
2020-01-02 10:55:00,0.357199
2020-01-02 11:00:00,0.019703
2020-01-02 11:05:00,0.142829
2020-01-02 11:10:00,0.045326
2020-01-02 11:15:00,0.172190
2020-01-02 11:20:00,0.097749
2020-01-02 11:25:00,0.181604
2020-01-02 11:30:00,0.123596
2020-01-02 11:35:00,0.346687
2020-01-02 11:40:00,0.040820
2020-01-02 11:45:00,0.190311
2020-01-02 11:50:00,0.163348
2020-01-02 11:55:00,0.050585
2020-01-02 12:00:00,0.090971
2020-01-02 12:05:00,0.172738
2020-01-02 12:10:00,0.047876
2020-01-02 12:15:00,0.172181
2020-01-02 12:20:00,0.025296
2020-01-02 12:25:00,0.046922
2020-01-02 12:30:00,0.374111
2020-01-02 12:35:00,0.005191
2020-01-02 12:40:00,0.047293
2020-01-02 12:45:00,0.077933
2020-01-02 12:50:00,0.033003
2020-01-02 12:55:00,0.031475
2020-01-02 13:00:00,0.309715
2020-01-02 13:05:00,0.136665
2020-01-02 13:10:00,0.152865
2020-01-02 13:15:00,0.128727
2020-01-02 13:20:00,0.070013
2020-01-02 13:25:00,0.138049
2020-01-02 13:30:00,0.119026
2020-01-02 13:35:00,0.036075
2020-01-02 13:40:00,0.034523
2020-01-02 13:45:00,0.278095
2020-01-02 13:50:00,0.056809
2020-01-02 13:55:00,0.295739
2020-01-02 14:00:00,0.183947
2020-01-02 14:05:00,0.033203
2020-01-02 14:10:00,0.211675
2020-01-02 14:15:00,0.115911
2020-01-02 14:20:00,0.132508
2020-01-02 14:25:00,0.038794
2020-01-02 14:30:00,0.023371
2020-01-02 14:35:00,0.158787
2020-01-02 14:40:00,0.224354
2020-01-02 14:45:00,0.127205
2020-01-02 14:50:00,0.353783
2020-01-02 14:55:00,0.344138
2020-01-02 15:00:00,0.047580
2020-01-02 15:05:00,0.041484
2020-01-02 15:10:00,0.045532
2020-01-02 15:15:00,0.101924
2020-01-02 15:20:00,0.102473
2020-01-02 15:25:00,0.441388
2020-01-02 15:30:00,0.288555
2020-01-02 15:35:00,0.101550
2020-01-02 15:40:00,0.221722
2020-01-02 15:45:00,0.048946
2020-01-02 15:50:00,0.031027
2020-01-02 15:55:00,0.052696
2020-01-02 16:00:00,0.198511
2020-01-02 16:05:00,0.127571
2020-01-02 16:10:00,0.099151
2020-01-02 16:15:00,0.086304
2020-01-02 16:20:00,0.217327
2020-01-02 16:25:00,0.424928
2020-01-02 16:30:00,0.116127
2020-01-02 16:35:00,0.008944
2020-01-02 16:40:00,0.178573
2020-01-02 16:45:00,0.049341
2020-01-02 16:50:00,0.048017
2020-01-02 16:55:00,0.249799
2020-01-02 17:00:00,0.074313
2020-01-02 17:05:00,0.047241
2020-01-02 17:10:00,0.061255
2020-01-02 17:15:00,0.084125
2020-01-02 17:20:00,0.022959
2020-01-02 17:25:00,0.098669
2020-01-02 17:30:00,0.198221
2020-01-02 17:35:00,0.236784
2020-01-02 17:40:00,0.000334
2020-01-02 17:45:00,0.168498
2020-01-02 17:50:00,0.003706
2020-01-02 17:55:00,0.052585
2020-01-02 18:00:00,0.280596
2020-01-02 18:05:00,0.054183
2020-01-02 18:10:00,0.005485
2020-01-02 18:15:00,0.210868
2020-01-02 18:20:00,0.091951
2020-01-02 18:25:00,0.127895
2020-01-02 18:30:00,0.209797
2020-01-02 18:35:00,0.012136
2020-01-02 18:40:00,0.400633
2020-01-02 18:45:00,0.507258
2020-01-02 18:50:00,0.109179
2020-01-02 18:55:00,0.077496
2020-01-02 19:00:00,0.369308
2020-01-02 19:05:00,0.215211
2020-01-02 19:10:00,0.281061
2020-01-02 19:15:00,0.227678
2020-01-02 19:20:00,0.216418
2020-01-02 19:25:00,0.033581
2020-01-02 19:30:00,0.106546
2020-01-02 19:35:00,0.016166
2020-01-02 19:40:00,0.271589
2020-01-02 19:45:00,0.280337
2020-01-02 19:50:00,0.080181
2020-01-02 19:55:00,0.051544
2020-01-02 20:00:00,0.461710
2020-01-02 20:05:00,0.108631
2020-01-02 20:10:00,0.306491
2020-01-02 20:15:00,0.328201
2020-01-02 20:20:00,0.098594
2020-01-02 20:25:00,0.344076
2020-01-02 20:30:00,0.108875
2020-01-02 20:35:00,0.275477
2020-01-02 20:40:00,0.129481
2020-01-02 20:45:00,0.536741
2020-01-02 20:50:00,0.030128
2020-01-02 20:55:00,0.089724
2020-01-02 21:00:00,0.092743
2020-01-02 21:05:00,0.300007
2020-01-02 21:10:00,0.134151
2020-01-02 21:15:00,0.022699
2020-01-02 21:20:00,0.087173
2020-01-02 21:25:00,0.293982
2020-01-02 21:30:00,0.138030
2020-01-02 21:35:00,0.087478
2020-01-02 21:40:00,0.197840
2020-01-02 21:45:00,0.462965
2020-01-02 21:50:00,0.211170
2020-01-02 21:55:00,0.096520
2020-01-02 22:00:00,0.191845
2020-01-02 22:05:00,0.030104
2020-01-02 22:10:00,0.045663
2020-01-02 22:15:00,0.323998
2020-01-02 22:20:00,0.166898
2020-01-02 22:25:00,0.185890
2020-01-02 22:30:00,0.216674
2020-01-02 22:35:00,0.083801
2020-01-02 22:40:00,0.291801
2020-01-02 22:45:00,0.403511
2020-01-02 22:50:00,0.017810
2020-01-02 22:55:00,0.107741
2020-01-02 23:00:00,0.017633
2020-01-02 23:05:00,0.233782
2020-01-02 23:10:00,0.120899
2020-01-02 23:15:00,0.172965
2020-01-02 23:20:00,0.291107
2020-01-02 23:25:00,0.122315
2020-01-02 23:30:00,0.075437
2020-01-02 23:35:00,0.086519
2020-01-02 23:40:00,0.095159
2020-01-02 23:45:00,0.117281
2020-01-02 23:50:00,0.008010
2020-01-02 23:55:00,0.060314
2020-01-03 00:00:00,0.142860
2020-01-03 00:05:00,0.203016
2020-01-03 00:10:00,0.062195
2020-01-03 00:15:00,0.084243
2020-01-03 00:20:00,0.079493
2020-01-03 00:25:00,0.140145
2020-01-03 00:30:00,0.034659
2020-01-03 00:35:00,0.086206
2020-01-03 00:40:00,0.342719
2020-01-03 00:45:00,0.072356
2020-01-03 00:50:00,0.322952
2020-01-03 00:55:00,0.083564
2020-01-03 01:00:00,0.081903
2020-01-03 01:05:00,0.060855
2020-01-03 01:10:00,0.225037
2020-01-03 01:15:00,0.168795
2020-01-03 01:20:00,0.349569
2020-01-03 01:25:00,0.243207
2020-01-03 01:30:00,0.068090
2020-01-03 01:35:00,0.006482
2020-01-03 01:40:00,0.178260
2020-01-03 01:45:00,0.233913
2020-01-03 01:50:00,0.219612
2020-01-03 01:55:00,0.180571
2020-01-03 02:00:00,0.115450
2020-01-03 02:05:00,0.341873
2020-01-03 02:10:00,0.097460
2020-01-03 02:15:00,0.152191
2020-01-03 02:20:00,0.242788
2020-01-03 02:25:00,0.299704
2020-01-03 02:30:00,0.118269
2020-01-03 02:35:00,0.121335
2020-01-03 02:40:00,0.049391
2020-01-03 02:45:00,0.015585
2020-01-03 02:50:00,0.231013
2020-01-03 02:55:00,0.610323
2020-01-03 03:00:00,0.077351
2020-01-03 03:05:00,0.269606
2020-01-03 03:10:00,0.080989
2020-01-03 03:15:00,0.083244
2020-01-03 03:20:00,0.027678
2020-01-03 03:25:00,0.061062
2020-01-03 03:30:00,0.111658
2020-01-03 03:35:00,0.055541
2020-01-03 03:40:00,0.046397
2020-01-03 03:45:00,0.094300
2020-01-03 03:50:00,0.117733
2020-01-03 03:55:00,0.032458
2020-01-03 04:00:00,0.059123
2020-01-03 04:05:00,0.211287
2020-01-03 04:10:00,0.152004
2020-01-03 04:15:00,0.102163
2020-01-03 04:20:00,0.150180
2020-01-03 04:25:00,0.164580
2020-01-03 04:30:00,0.052739
2020-01-03 04:35:00,0.002164
2020-01-03 04:40:00,0.427736
2020-01-03 04:45:00,0.027344
2020-01-03 04:50:00,0.174268
2020-01-03 04:55:00,0.031769
2020-01-03 05:00:00,0.105715
2020-01-03 05:05:00,0.162041
2020-01-03 05:10:00,0.037946
2020-01-03 05:15:00,0.325716
2020-01-03 05:20:00,0.091567
2020-01-03 05:25:00,0.137311
2020-01-03 05:30:00,0.270040
2020-01-03 05:35:00,0.132767
2020-01-03 05:40:00,0.032383
2020-01-03 05:45:00,0.268566
2020-01-03 05:50:00,0.169344
2020-01-03 05:55:00,0.495092
2020-01-03 06:00:00,0.359869
2020-01-03 06:05:00,0.013406
2020-01-03 06:10:00,0.111032
2020-01-03 06:15:00,0.280220
2020-01-03 06:20:00,0.012693
2020-01-03 06:25:00,0.174034
2020-01-03 06:30:00,0.240932
2020-01-03 06:35:00,0.208188
2020-01-03 06:40:00,0.125852
2020-01-03 06:45:00,0.208615
2020-01-03 06:50:00,0.019778
2020-01-03 06:55:00,0.051890
2020-01-03 07:00:00,0.190875
2020-01-03 07:05:00,0.138430
2020-01-03 07:10:00,0.020551
2020-01-03 07:15:00,0.082299
2020-01-03 07:20:00,0.057457
2020-01-03 07:25:00,0.294554
2020-01-03 07:30:00,0.069654
2020-01-03 07:35:00,0.314971
2020-01-03 07:40:00,0.180138
2020-01-03 07:45:00,0.013130
2020-01-03 07:50:00,0.019498
2020-01-03 07:55:00,0.261812
2020-01-03 08:00:00,0.009003
2020-01-03 08:05:00,0.037520
2020-01-03 08:10:00,0.080424
2020-01-03 08:15:00,0.138406
2020-01-03 08:20:00,0.086226
2020-01-03 08:25:00,0.293365
2020-01-03 08:30:00,0.053338
2020-01-03 08:35:00,0.096922
2020-01-03 08:40:00,0.338164
2020-01-03 08:45:00,0.298418
2020-01-03 08:50:00,0.210819
2020-01-03 08:55:00,0.164744
2020-01-03 09:00:00,0.192321
2020-01-03 09:05:00,0.101943
2020-01-03 09:10:00,0.335142
2020-01-03 09:15:00,0.111005
2020-01-03 09:20:00,0.086355
2020-01-03 09:25:00,0.071892
2020-01-03 09:30:00,0.077953
2020-01-03 09:35:00,0.181242
2020-01-03 09:40:00,0.020158
2020-01-03 09:45:00,0.369163
2020-01-03 09:50:00,0.029953
2020-01-03 09:55:00,0.118720
2020-01-03 10:00:00,0.087559
2020-01-03 10:05:00,0.220831
2020-01-03 10:10:00,0.384027
2020-01-03 10:15:00,0.040834
2020-01-03 10:20:00,0.011690
2020-01-03 10:25:00,0.088345
2020-01-03 10:30:00,0.232026
2020-01-03 10:35:00,0.215095
2020-01-03 10:40:00,0.244386
2020-01-03 10:45:00,0.012467
2020-01-03 10:50:00,0.292404
2020-01-03 10:55:00,0.228956
2020-01-03 11:00:00,0.046835
2020-01-03 11:05:00,0.148892
2020-01-03 11:10:00,0.326780
2020-01-03 11:15:00,0.159307
2020-01-03 11:20:00,0.199170
2020-01-03 11:25:00,0.275177
2020-01-03 11:30:00,0.153675
2020-01-03 11:35:00,0.139399
2020-01-03 11:40:00,0.115820
2020-01-03 11:45:00,0.077700
2020-01-03 11:50:00,0.200877
2020-01-03 11:55:00,0.058841
2020-01-03 12:00:00,0.177895
2020-01-03 12:05:00,0.144117
2020-01-03 12:10:00,0.088667
2020-01-03 12:15:00,0.360716
2020-01-03 12:20:00,0.014478
2020-01-03 12:25:00,0.181020
2020-01-03 12:30:00,0.102562
2020-01-03 12:35:00,0.017507
2020-01-03 12:40:00,0.097375
2020-01-03 12:45:00,0.229226
2020-01-03 12:50:00,0.129120
2020-01-03 12:55:00,0.353944
2020-01-03 13:00:00,0.215186
2020-01-03 13:05:00,0.083847
2020-01-03 13:10:00,0.458345
2020-01-03 13:15:00,0.064407
2020-01-03 13:20:00,0.138970
2020-01-03 13:25:00,0.100301
2020-01-03 13:30:00,0.121203
2020-01-03 13:35:00,0.140024
2020-01-03 13:40:00,0.174405
2020-01-03 13:45:00,0.091940
2020-01-03 13:50:00,0.230285
2020-01-03 13:55:00,0.150561
2020-01-03 14:00:00,0.249361
2020-01-03 14:05:00,0.066996
2020-01-03 14:10:00,0.405194
2020-01-03 14:15:00,0.133819
2020-01-03 14:20:00,0.107696
2020-01-03 14:25:00,0.444545
2020-01-03 14:30:00,0.387113
2020-01-03 14:35:00,0.294701
2020-01-03 14:40:00,0.332721
2020-01-03 14:45:00,0.119017
2020-01-03 14:50:00,0.141344
2020-01-03 14:55:00,0.140187
2020-01-03 15:00:00,0.028261
2020-01-03 15:05:00,0.216296
2020-01-03 15:10:00,0.134299
2020-01-03 15:15:00,0.137015
2020-01-03 15:20:00,0.061210
2020-01-03 15:25:00,0.325257
2020-01-03 15:30:00,0.133273
2020-01-03 15:35:00,0.072196
2020-01-03 15:40:00,0.331017
2020-01-03 15:45:00,0.080528
2020-01-03 15:50:00,0.098487
2020-01-03 15:55:00,0.071944
2020-01-03 16:00:00,0.100578
2020-01-03 16:05:00,0.018846
2020-01-03 16:10:00,0.135151
2020-01-03 16:15:00,0.151217
2020-01-03 16:20:00,0.155223
2020-01-03 16:25:00,0.030405
2020-01-03 16:30:00,0.032763
2020-01-03 16:35:00,0.004135
2020-01-03 16:40:00,0.277415
2020-01-03 16:45:00,0.038864
2020-01-03 16:50:00,0.248204
2020-01-03 16:55:00,0.105416
2020-01-03 17:00:00,0.181866
2020-01-03 17:05:00,0.062229
2020-01-03 17:10:00,0.067414
2020-01-03 17:15:00,0.310927
2020-01-03 17:20:00,0.284128
2020-01-03 17:25:00,0.154758
2020-01-03 17:30:00,0.145094
2020-01-03 17:35:00,0.129357
2020-01-03 17:40:00,0.192089
2020-01-03 17:45:00,0.130706
2020-01-03 17:50:00,0.515930
2020-01-03 17:55:00,0.140029
2020-01-03 18:00:00,0.452922
2020-01-03 18:05:00,0.329541
2020-01-03 18:10:00,0.009720
2020-01-03 18:15:00,0.087588
2020-01-03 18:20:00,0.316258
2020-01-03 18:25:00,0.201153
2020-01-03 18:30:00,0.109941
2020-01-03 18:35:00,0.125225
2020-01-03 18:40:00,0.215505
2020-01-03 18:45:00,0.181272
2020-01-03 18:50:00,0.086945
2020-01-03 18:55:00,0.113258
2020-01-03 19:00:00,0.327443
2020-01-03 19:05:00,0.181967
2020-01-03 19:10:00,0.117007
2020-01-03 19:15:00,0.043936
2020-01-03 19:20:00,0.229403
2020-01-03 19:25:00,0.072908
2020-01-03 19:30:00,0.201713
2020-01-03 19:35:00,0.306928
2020-01-03 19:40:00,0.113031
2020-01-03 19:45:00,0.252812
2020-01-03 19:50:00,0.042008
2020-01-03 19:55:00,0.229920
2020-01-03 20:00:00,0.117499
2020-01-03 20:05:00,0.071125
2020-01-03 20:10:00,0.229668
2020-01-03 20:15:00,0.036456
2020-01-03 20:20:00,0.067057
2020-01-03 20:25:00,0.180902
2020-01-03 20:30:00,0.200016
2020-01-03 20:35:00,0.391541
2020-01-03 20:40:00,0.226031
2020-01-03 20:45:00,0.170163
2020-01-03 20:50:00,0.481660
2020-01-03 20:55:00,0.005721
2020-01-03 21:00:00,0.021952
2020-01-03 21:05:00,0.340328
2020-01-03 21:10:00,0.239810
2020-01-03 21:15:00,0.018836
2020-01-03 21:20:00,0.048014
2020-01-03 21:25:00,0.152590
2020-01-03 21:30:00,0.094604
2020-01-03 21:35:00,0.218406
2020-01-03 21:40:00,0.162525
2020-01-03 21:45:00,0.133034
2020-01-03 21:50:00,0.210816
2020-01-03 21:55:00,0.188126
2020-01-03 22:00:00,0.116170
2020-01-03 22:05:00,0.258293
2020-01-03 22:10:00,0.069832
2020-01-03 22:15:00,0.200677
2020-01-03 22:20:00,0.157065
2020-01-03 22:25:00,0.140474
2020-01-03 22:30:00,0.171458
2020-01-03 22:35:00,0.200953
2020-01-03 22:40:00,0.366699
2020-01-03 22:45:00,0.121530
2020-01-03 22:50:00,0.077928
2020-01-03 22:55:00,0.167972
2020-01-03 23:00:00,0.103938
2020-01-03 23:05:00,0.159989
2020-01-03 23:10:00,0.043739
2020-01-03 23:15:00,0.358322
2020-01-03 23:20:00,0.178279
2020-01-03 23:25:00,0.063597
2020-01-03 23:30:00,0.055545
2020-01-03 23:35:00,0.182481
2020-01-03 23:40:00,0.037087
2020-01-03 23:45:00,0.103543
2020-01-03 23:50:00,0.201946
2020-01-03 23:55:00,0.094385
2020-01-04 00:00:00,0.038376
2020-01-04 00:05:00,0.074529
2020-01-04 00:10:00,0.144752
2020-01-04 00:15:00,0.069630
2020-01-04 00:20:00,0.132629
2020-01-04 00:25:00,0.118027
2020-01-04 00:30:00,0.166442
2020-01-04 00:35:00,0.052389
2020-01-04 00:40:00,0.284452
2020-01-04 00:45:00,0.205737
2020-01-04 00:50:00,0.522658
2020-01-04 00:55:00,0.007579
2020-01-04 01:00:00,0.128572
2020-01-04 01:05:00,0.279181
2020-01-04 01:10:00,0.000699
2020-01-04 01:15:00,0.023057
2020-01-04 01:20:00,0.045843
2020-01-04 01:25:00,0.021677
2020-01-04 01:30:00,0.104087
2020-01-04 01:35:00,0.141496
2020-01-04 01:40:00,0.061114
2020-01-04 01:45:00,0.078724
2020-01-04 01:50:00,0.232789
2020-01-04 01:55:00,0.268218
2020-01-04 02:00:00,0.189678
2020-01-04 02:05:00,0.086057
2020-01-04 02:10:00,0.062287
2020-01-04 02:15:00,0.027091
2020-01-04 02:20:00,0.049065
2020-01-04 02:25:00,0.027010
2020-01-04 02:30:00,0.285776
2020-01-04 02:35:00,0.014629
2020-01-04 02:40:00,0.364253
2020-01-04 02:45:00,0.048394
2020-01-04 02:50:00,0.442473
2020-01-04 02:55:00,0.024710
2020-01-04 03:00:00,0.287916
2020-01-04 03:05:00,0.070942
2020-01-04 03:10:00,0.194431
2020-01-04 03:15:00,0.094203
2020-01-04 03:20:00,0.354633
2020-01-04 03:25:00,0.207439
2020-01-04 03:30:00,0.033279
2020-01-04 03:35:00,0.200201
2020-01-04 03:40:00,0.213193
2020-01-04 03:45:00,0.014292
2020-01-04 03:50:00,0.028021
2020-01-04 03:55:00,0.248940
2020-01-04 04:00:00,0.096660
2020-01-04 04:05:00,0.051345
2020-01-04 04:10:00,0.158429
2020-01-04 04:15:00,0.148628
2020-01-04 04:20:00,0.081478
2020-01-04 04:25:00,0.320025
2020-01-04 04:30:00,0.032699
2020-01-04 04:35:00,0.093186
2020-01-04 04:40:00,0.070311
2020-01-04 04:45:00,0.327306
2020-01-04 04:50:00,0.221658
2020-01-04 04:55:00,0.016882
2020-01-04 05:00:00,0.060638
2020-01-04 05:05:00,0.035412
2020-01-04 05:10:00,0.057620
2020-01-04 05:15:00,0.195518
2020-01-04 05:20:00,0.058665
2020-01-04 05:25:00,0.377166
2020-01-04 05:30:00,0.178882
2020-01-04 05:35:00,0.041678
2020-01-04 05:40:00,0.264783
2020-01-04 05:45:00,0.154925
2020-01-04 05:50:00,0.202693
2020-01-04 05:55:00,0.135166
2020-01-04 06:00:00,0.128757
2020-01-04 06:05:00,0.497570
2020-01-04 06:10:00,0.209108
2020-01-04 06:15:00,0.143239
2020-01-04 06:20:00,0.037166
2020-01-04 06:25:00,0.086594
2020-01-04 06:30:00,0.245080
2020-01-04 06:35:00,0.200988
2020-01-04 06:40:00,0.228134
2020-01-04 06:45:00,0.295914
2020-01-04 06:50:00,0.120481
2020-01-04 06:55:00,0.016681
2020-01-04 07:00:00,0.138572
2020-01-04 07:05:00,0.268817
2020-01-04 07:10:00,0.025530
2020-01-04 07:15:00,0.206721
2020-01-04 07:20:00,0.438771
2020-01-04 07:25:00,0.084117
2020-01-04 07:30:00,0.332041
2020-01-04 07:35:00,0.223774
2020-01-04 07:40:00,0.137790
2020-01-04 07:45:00,0.320210
2020-01-04 07:50:00,0.032439
2020-01-04 07:55:00,0.010628
2020-01-04 08:00:00,0.190886
2020-01-04 08:05:00,0.296400
2020-01-04 08:10:00,0.071448
2020-01-04 08:15:00,0.004802
2020-01-04 08:20:00,0.122640
2020-01-04 08:25:00,0.082517
2020-01-04 08:30:00,0.160813
2020-01-04 08:35:00,0.073126
2020-01-04 08:40:00,0.281075
2020-01-04 08:45:00,0.034834
2020-01-04 08:50:00,0.115677
2020-01-04 08:55:00,0.389685
2020-01-04 09:00:00,0.111799
2020-01-04 09:05:00,0.080137
2020-01-04 09:10:00,0.251113
2020-01-04 09:15:00,0.220612
2020-01-04 09:20:00,0.010100
2020-01-04 09:25:00,0.187658
2020-01-04 09:30:00,0.248756
2020-01-04 09:35:00,0.294250
2020-01-04 09:40:00,0.103512
2020-01-04 09:45:00,0.100522
2020-01-04 09:50:00,0.098403
2020-01-04 09:55:00,0.082008
2020-01-04 10:00:00,0.145014
2020-01-04 10:05:00,0.058244
2020-01-04 10:10:00,0.046859
2020-01-04 10:15:00,0.028811
2020-01-04 10:20:00,0.224735
2020-01-04 10:25:00,0.148720
2020-01-04 10:30:00,0.112178
2020-01-04 10:35:00,0.223973
2020-01-04 10:40:00,0.061604
2020-01-04 10:45:00,0.431596
2020-01-04 10:50:00,0.161829
2020-01-04 10:55:00,0.061456
2020-01-04 11:00:00,0.139857
2020-01-04 11:05:00,0.058881
2020-01-04 11:10:00,0.435123
2020-01-04 11:15:00,0.219312
2020-01-04 11:20:00,0.028171
2020-01-04 11:25:00,0.088583
2020-01-04 11:30:00,0.259750
2020-01-04 11:35:00,0.304237
2020-01-04 11:40:00,0.428370
2020-01-04 11:45:00,0.127191
2020-01-04 11:50:00,0.063629
2020-01-04 11:55:00,0.160970
2020-01-04 12:00:00,0.074088
2020-01-04 12:05:00,0.050431
2020-01-04 12:10:00,0.155481
2020-01-04 12:15:00,0.194528
2020-01-04 12:20:00,0.408519
2020-01-04 12:25:00,0.050290
2020-01-04 12:30:00,0.173855
2020-01-04 12:35:00,0.168454
2020-01-04 12:40:00,0.039088
2020-01-04 12:45:00,0.025026
2020-01-04 12:50:00,0.087567
2020-01-04 12:55:00,0.152161
2020-01-04 13:00:00,0.322572
2020-01-04 13:05:00,0.081555
2020-01-04 13:10:00,0.150620
2020-01-04 13:15:00,0.125848
2020-01-04 13:20:00,0.298446
2020-01-04 13:25:00,0.488312
2020-01-04 13:30:00,0.346649
2020-01-04 13:35:00,0.068825
2020-01-04 13:40:00,0.371223
2020-01-04 13:45:00,0.107062
2020-01-04 13:50:00,0.126846
2020-01-04 13:55:00,0.026602
2020-01-04 14:00:00,0.186852
2020-01-04 14:05:00,0.151472
2020-01-04 14:10:00,0.395057
2020-01-04 14:15:00,0.008397
2020-01-04 14:20:00,0.058954
2020-01-04 14:25:00,0.297183
2020-01-04 14:30:00,0.210471
2020-01-04 14:35:00,0.198820
2020-01-04 14:40:00,0.076400
2020-01-04 14:45:00,0.047818
2020-01-04 14:50:00,0.272256
2020-01-04 14:55:00,0.115139
2020-01-04 15:00:00,0.041750
2020-01-04 15:05:00,0.078015
2020-01-04 15:10:00,0.275390
2020-01-04 15:15:00,0.222475
2020-01-04 15:20:00,0.150234
2020-01-04 15:25:00,0.365463
2020-01-04 15:30:00,0.081953
2020-01-04 15:35:00,0.010780
2020-01-04 15:40:00,0.203690
2020-01-04 15:45:00,0.044838
2020-01-04 15:50:00,0.202013
2020-01-04 15:55:00,0.240773
2020-01-04 16:00:00,0.115075
2020-01-04 16:05:00,0.067690
2020-01-04 16:10:00,0.051550
2020-01-04 16:15:00,0.375855
2020-01-04 16:20:00,0.019375
2020-01-04 16:25:00,0.103380
2020-01-04 16:30:00,0.242781
2020-01-04 16:35:00,0.045934
2020-01-04 16:40:00,0.152335
2020-01-04 16:45:00,0.044052
2020-01-04 16:50:00,0.048256
2020-01-04 16:55:00,0.076270
2020-01-04 17:00:00,0.092241
2020-01-04 17:05:00,0.189698
2020-01-04 17:10:00,0.299384
2020-01-04 17:15:00,0.304863
2020-01-04 17:20:00,0.020850
2020-01-04 17:25:00,0.182740
2020-01-04 17:30:00,0.216650
2020-01-04 17:35:00,0.511932
2020-01-04 17:40:00,0.191020
2020-01-04 17:45:00,0.047383
2020-01-04 17:50:00,0.051080
2020-01-04 17:55:00,0.317147
2020-01-04 18:00:00,0.060002
2020-01-04 18:05:00,0.025777
2020-01-04 18:10:00,0.139708
2020-01-04 18:15:00,0.018012
2020-01-04 18:20:00,0.007661
2020-01-04 18:25:00,0.131720
2020-01-04 18:30:00,0.130535
2020-01-04 18:35:00,0.220471
2020-01-04 18:40:00,0.039567
2020-01-04 18:45:00,0.077387
2020-01-04 18:50:00,0.347829
2020-01-04 18:55:00,0.055566
2020-01-04 19:00:00,0.123386
2020-01-04 19:05:00,0.062375
2020-01-04 19:10:00,0.048439
2020-01-04 19:15:00,0.297670
2020-01-04 19:20:00,0.125056
2020-01-04 19:25:00,0.024169
2020-01-04 19:30:00,0.182423
2020-01-04 19:35:00,0.142532
2020-01-04 19:40:00,0.032686
2020-01-04 19:45:00,0.172125
2020-01-04 19:50:00,0.092754
2020-01-04 19:55:00,0.040655
2020-01-04 20:00:00,0.214048
2020-01-04 20:05:00,0.140748
2020-01-04 20:10:00,0.123420
2020-01-04 20:15:00,0.126830
2020-01-04 20:20:00,0.350021
2020-01-04 20:25:00,0.074284
2020-01-04 20:30:00,0.293484
2020-01-04 20:35:00,0.183371
2020-01-04 20:40:00,0.364806
2020-01-04 20:45:00,0.141018
2020-01-04 20:50:00,0.070436
2020-01-04 20:55:00,0.344830
2020-01-04 21:00:00,0.096874
2020-01-04 21:05:00,0.206264
2020-01-04 21:10:00,0.038139
2020-01-04 21:15:00,0.022352
2020-01-04 21:20:00,0.017969
2020-01-04 21:25:00,0.050292
2020-01-04 21:30:00,0.135130
2020-01-04 21:35:00,0.055739
2020-01-04 21:40:00,0.268312
2020-01-04 21:45:00,0.050639
2020-01-04 21:50:00,0.303718
2020-01-04 21:55:00,0.053396
2020-01-04 22:00:00,0.308923
2020-01-04 22:05:00,0.125632
2020-01-04 22:10:00,0.093539
2020-01-04 22:15:00,0.292049
2020-01-04 22:20:00,0.015762
2020-01-04 22:25:00,0.055285
2020-01-04 22:30:00,0.260953
2020-01-04 22:35:00,0.407212
2020-01-04 22:40:00,0.231922
2020-01-04 22:45:00,0.213448
2020-01-04 22:50:00,0.143457
2020-01-04 22:55:00,0.145862
2020-01-04 23:00:00,0.164597
2020-01-04 23:05:00,0.277149
2020-01-04 23:10:00,0.197050
2020-01-04 23:15:00,0.199590
2020-01-04 23:20:00,0.257942
2020-01-04 23:25:00,0.125018
2020-01-04 23:30:00,0.050820
2020-01-04 23:35:00,0.149565
2020-01-04 23:40:00,0.045297
2020-01-04 23:45:00,0.436446
2020-01-04 23:50:00,0.057511
2020-01-04 23:55:00,0.118162
2020-01-05 00:00:00,0.204371
2020-01-05 00:05:00,0.365647
2020-01-05 00:10:00,0.006243
2020-01-05 00:15:00,0.324912
2020-01-05 00:20:00,0.079048
2020-01-05 00:25:00,0.398984
2020-01-05 00:30:00,0.243203
2020-01-05 00:35:00,0.046806
2020-01-05 00:40:00,0.231948
2020-01-05 00:45:00,0.048937
2020-01-05 00:50:00,0.036883
2020-01-05 00:55:00,0.270460
2020-01-05 01:00:00,0.046607
2020-01-05 01:05:00,0.101328
2020-01-05 01:10:00,0.039878
2020-01-05 01:15:00,0.182020
2020-01-05 01:20:00,0.120850
2020-01-05 01:25:00,0.043699
2020-01-05 01:30:00,0.014885
2020-01-05 01:35:00,0.118172
2020-01-05 01:40:00,0.036322
2020-01-05 01:45:00,0.048592
2020-01-05 01:50:00,0.283484
2020-01-05 01:55:00,0.278571
2020-01-05 02:00:00,0.078840
2020-01-05 02:05:00,0.060950
2020-01-05 02:10:00,0.294014
2020-01-05 02:15:00,0.071798
2020-01-05 02:20:00,0.051723
2020-01-05 02:25:00,0.029030
2020-01-05 02:30:00,0.169250
2020-01-05 02:35:00,0.209571
2020-01-05 02:40:00,0.109827
2020-01-05 02:45:00,0.158532
2020-01-05 02:50:00,0.166624
2020-01-05 02:55:00,0.092572
2020-01-05 03:00:00,0.170192
2020-01-05 03:05:00,0.119059
2020-01-05 03:10:00,0.158679
2020-01-05 03:15:00,0.162095
2020-01-05 03:20:00,0.015934
2020-01-05 03:25:00,0.256847
2020-01-05 03:30:00,0.025929
2020-01-05 03:35:00,0.017135
2020-01-05 03:40:00,0.232928
2020-01-05 03:45:00,0.048168
2020-01-05 03:50:00,0.023037
2020-01-05 03:55:00,0.176394
2020-01-05 04:00:00,0.081080
2020-01-05 04:05:00,0.042416
2020-01-05 04:10:00,0.287674
2020-01-05 04:15:00,0.321470
2020-01-05 04:20:00,0.153115
2020-01-05 04:25:00,0.311065
2020-01-05 04:30:00,0.254972
2020-01-05 04:35:00,0.171987
2020-01-05 04:40:00,0.068623
2020-01-05 04:45:00,0.015051
2020-01-05 04:50:00,0.086389
2020-01-05 04:55:00,0.061381
2020-01-05 05:00:00,0.271030
2020-01-05 05:05:00,0.174004
2020-01-05 05:10:00,0.111870
2020-01-05 05:15:00,0.200482
2020-01-05 05:20:00,0.058930
2020-01-05 05:25:00,0.087756
2020-01-05 05:30:00,0.080518
2020-01-05 05:35:00,0.147796
2020-01-05 05:40:00,0.567084
2020-01-05 05:45:00,0.083314
2020-01-05 05:50:00,0.217953
2020-01-05 05:55:00,0.309186
2020-01-05 06:00:00,0.290556
2020-01-05 06:05:00,0.309255
2020-01-05 06:10:00,0.051123
2020-01-05 06:15:00,0.133178
2020-01-05 06:20:00,0.033448
2020-01-05 06:25:00,0.139728
2020-01-05 06:30:00,0.129879
2020-01-05 06:35:00,0.021372
2020-01-05 06:40:00,0.133745
2020-01-05 06:45:00,0.351606
2020-01-05 06:50:00,0.170935
2020-01-05 06:55:00,0.101716
2020-01-05 07:00:00,0.065780
2020-01-05 07:05:00,0.101280
2020-01-05 07:10:00,0.272560
2020-01-05 07:15:00,0.385666
2020-01-05 07:20:00,0.334258
2020-01-05 07:25:00,0.005679
2020-01-05 07:30:00,0.040794
2020-01-05 07:35:00,0.023202
2020-01-05 07:40:00,0.236635
2020-01-05 07:45:00,0.125020
2020-01-05 07:50:00,0.145511
2020-01-05 07:55:00,0.319268
2020-01-05 08:00:00,0.043401
2020-01-05 08:05:00,0.110360
2020-01-05 08:10:00,0.116688
2020-01-05 08:15:00,0.313698
2020-01-05 08:20:00,0.348526
2020-01-05 08:25:00,0.168927
2020-01-05 08:30:00,0.056577
2020-01-05 08:35:00,0.349307
2020-01-05 08:40:00,0.296318
2020-01-05 08:45:00,0.032096
2020-01-05 08:50:00,0.020126
2020-01-05 08:55:00,0.293865
2020-01-05 09:00:00,0.133717
2020-01-05 09:05:00,0.276434
2020-01-05 09:10:00,0.066453
2020-01-05 09:15:00,0.018012
2020-01-05 09:20:00,0.117858
2020-01-05 09:25:00,0.007562
2020-01-05 09:30:00,0.065380
2020-01-05 09:35:00,0.035025
2020-01-05 09:40:00,0.162199
2020-01-05 09:45:00,0.382439
2020-01-05 09:50:00,0.122986
2020-01-05 09:55:00,0.226240
2020-01-05 10:00:00,0.138190
2020-01-05 10:05:00,0.023375
2020-01-05 10:10:00,0.203979
2020-01-05 10:15:00,0.096224
2020-01-05 10:20:00,0.074702
2020-01-05 10:25:00,0.234022
2020-01-05 10:30:00,0.054898
2020-01-05 10:35:00,0.245111
2020-01-05 10:40:00,0.062215
2020-01-05 10:45:00,0.199983
2020-01-05 10:50:00,0.088572
2020-01-05 10:55:00,0.452052
2020-01-05 11:00:00,0.110677
2020-01-05 11:05:00,0.188226
2020-01-05 11:10:00,0.236526
2020-01-05 11:15:00,0.239070
2020-01-05 11:20:00,0.017084
2020-01-05 11:25:00,0.245800
2020-01-05 11:30:00,0.267029
2020-01-05 11:35:00,0.001550
2020-01-05 11:40:00,0.068801
2020-01-05 11:45:00,0.041485
2020-01-05 11:50:00,0.283744
2020-01-05 11:55:00,0.132859
2020-01-05 12:00:00,0.234763
2020-01-05 12:05:00,0.353550
2020-01-05 12:10:00,0.145837
2020-01-05 12:15:00,0.239860
2020-01-05 12:20:00,0.020761
2020-01-05 12:25:00,0.188890
2020-01-05 12:30:00,0.128082
2020-01-05 12:35:00,0.178238
2020-01-05 12:40:00,0.003867
2020-01-05 12:45:00,0.119316
2020-01-05 12:50:00,0.334767
2020-01-05 12:55:00,0.364695
2020-01-05 13:00:00,0.006948
2020-01-05 13:05:00,0.007953
2020-01-05 13:10:00,0.297292
2020-01-05 13:15:00,0.164956
2020-01-05 13:20:00,0.144844
2020-01-05 13:25:00,0.220135
2020-01-05 13:30:00,0.240739
2020-01-05 13:35:00,0.295520
2020-01-05 13:40:00,0.182813
2020-01-05 13:45:00,0.076266
2020-01-05 13:50:00,0.094944
2020-01-05 13:55:00,0.108829
2020-01-05 14:00:00,0.148594
2020-01-05 14:05:00,0.321809
2020-01-05 14:10:00,0.201506
2020-01-05 14:15:00,0.009906
2020-01-05 14:20:00,0.130521
2020-01-05 14:25:00,0.024411
2020-01-05 14:30:00,0.149892
2020-01-05 14:35:00,0.251581
2020-01-05 14:40:00,0.001951
2020-01-05 14:45:00,0.173780
2020-01-05 14:50:00,0.102967
2020-01-05 14:55:00,0.224695
2020-01-05 15:00:00,0.134049
2020-01-05 15:05:00,0.143039
2020-01-05 15:10:00,0.160214
2020-01-05 15:15:00,0.009789
2020-01-05 15:20:00,0.094826
2020-01-05 15:25:00,0.042962
2020-01-05 15:30:00,0.036934
2020-01-05 15:35:00,0.028420
2020-01-05 15:40:00,0.118471
2020-01-05 15:45:00,0.208729
2020-01-05 15:50:00,0.132251
2020-01-05 15:55:00,0.224406
2020-01-05 16:00:00,0.035586
2020-01-05 16:05:00,0.332793
2020-01-05 16:10:00,0.145568
2020-01-05 16:15:00,0.080264
2020-01-05 16:20:00,0.086215
2020-01-05 16:25:00,0.037313
2020-01-05 16:30:00,0.056468
2020-01-05 16:35:00,0.006681
2020-01-05 16:40:00,0.196253
2020-01-05 16:45:00,0.104689
2020-01-05 16:50:00,0.003536
2020-01-05 16:55:00,0.484001
2020-01-05 17:00:00,0.078126
2020-01-05 17:05:00,0.245834
2020-01-05 17:10:00,0.282370
2020-01-05 17:15:00,0.022017
2020-01-05 17:20:00,0.125969
2020-01-05 17:25:00,0.035167
2020-01-05 17:30:00,0.050268
2020-01-05 17:35:00,0.349882
2020-01-05 17:40:00,0.180584
2020-01-05 17:45:00,0.044117
2020-01-05 17:50:00,0.101819
2020-01-05 17:55:00,0.308602
2020-01-05 18:00:00,0.034523
2020-01-05 18:05:00,0.159678
2020-01-05 18:10:00,0.086143
2020-01-05 18:15:00,0.022700
2020-01-05 18:20:00,0.134340
2020-01-05 18:25:00,0.147759
2020-01-05 18:30:00,0.209117
2020-01-05 18:35:00,0.365329
2020-01-05 18:40:00,0.135807
2020-01-05 18:45:00,0.116642
2020-01-05 18:50:00,0.114463
2020-01-05 18:55:00,0.132793
2020-01-05 19:00:00,0.087491
2020-01-05 19:05:00,0.007086
2020-01-05 19:10:00,0.141769
2020-01-05 19:15:00,0.043637
2020-01-05 19:20:00,0.197594
2020-01-05 19:25:00,0.022277
2020-01-05 19:30:00,0.130778
2020-01-05 19:35:00,0.216148
2020-01-05 19:40:00,0.297782
2020-01-05 19:45:00,0.394067
2020-01-05 19:50:00,0.030563
2020-01-05 19:55:00,0.099093
2020-01-05 20:00:00,0.233249
2020-01-05 20:05:00,0.191917
2020-01-05 20:10:00,0.182482
2020-01-05 20:15:00,0.116424
2020-01-05 20:20:00,0.046424
2020-01-05 20:25:00,0.073844
2020-01-05 20:30:00,0.059712
2020-01-05 20:35:00,0.293217
2020-01-05 20:40:00,0.311209
2020-01-05 20:45:00,0.144524
2020-01-05 20:50:00,0.116255
2020-01-05 20:55:00,0.204176
2020-01-05 21:00:00,0.134800
2020-01-05 21:05:00,0.278396
2020-01-05 21:10:00,0.289313
2020-01-05 21:15:00,0.311527
2020-01-05 21:20:00,0.062395
2020-01-05 21:25:00,0.196793
2020-01-05 21:30:00,0.023707
2020-01-05 21:35:00,0.236008
2020-01-05 21:40:00,0.003286
2020-01-05 21:45:00,0.146194
2020-01-05 21:50:00,0.161244
2020-01-05 21:55:00,0.003620
2020-01-05 22:00:00,0.070679
2020-01-05 22:05:00,0.041071
2020-01-05 22:10:00,0.189251
2020-01-05 22:15:00,0.116876
2020-01-05 22:20:00,0.129455
2020-01-05 22:25:00,0.195929
2020-01-05 22:30:00,0.163168
2020-01-05 22:35:00,0.223027
2020-01-05 22:40:00,0.012647
2020-01-05 22:45:00,0.156727
2020-01-05 22:50:00,0.003054
2020-01-05 22:55:00,0.387735
2020-01-05 23:00:00,0.392375
2020-01-05 23:05:00,0.265129
2020-01-05 23:10:00,0.211258
2020-01-05 23:15:00,0.135102
2020-01-05 23:20:00,0.064152
2020-01-05 23:25:00,0.185062
2020-01-05 23:30:00,0.069237
2020-01-05 23:35:00,0.085209
2020-01-05 23:40:00,0.063474
2020-01-05 23:45:00,0.098993
2020-01-05 23:50:00,0.168367
2020-01-05 23:55:00,0.136722
2020-01-06 00:00:00,0.132301
2020-01-06 00:05:00,0.174249
2020-01-06 00:10:00,0.100617
2020-01-06 00:15:00,0.203057
2020-01-06 00:20:00,0.097758
2020-01-06 00:25:00,0.228307
2020-01-06 00:30:00,0.384792
2020-01-06 00:35:00,0.340912
2020-01-06 00:40:00,0.204508
2020-01-06 00:45:00,0.338995
2020-01-06 00:50:00,0.112507
2020-01-06 00:55:00,0.061507
2020-01-06 01:00:00,0.111731
2020-01-06 01:05:00,0.114676
2020-01-06 01:10:00,0.262079
2020-01-06 01:15:00,0.217226
2020-01-06 01:20:00,0.106090
2020-01-06 01:25:00,0.026847
2020-01-06 01:30:00,0.186112
2020-01-06 01:35:00,0.156880
2020-01-06 01:40:00,0.334727
2020-01-06 01:45:00,0.068335
2020-01-06 01:50:00,0.169439
2020-01-06 01:55:00,0.071290
2020-01-06 02:00:00,0.210938
2020-01-06 02:05:00,0.181181
2020-01-06 02:10:00,0.068647
2020-01-06 02:15:00,0.128117
2020-01-06 02:20:00,0.375122
2020-01-06 02:25:00,0.296540
2020-01-06 02:30:00,0.220392
2020-01-06 02:35:00,0.148203
2020-01-06 02:40:00,0.246618
2020-01-06 02:45:00,0.163535
2020-01-06 02:50:00,0.145839
2020-01-06 02:55:00,0.383590
2020-01-06 03:00:00,0.009853
2020-01-06 03:05:00,0.254026
2020-01-06 03:10:00,0.110515
2020-01-06 03:15:00,0.028756
2020-01-06 03:20:00,0.139468
2020-01-06 03:25:00,0.202276
2020-01-06 03:30:00,0.061741
2020-01-06 03:35:00,0.133749
2020-01-06 03:40:00,0.281042
2020-01-06 03:45:00,0.082429
2020-01-06 03:50:00,0.128210
2020-01-06 03:55:00,0.173467
2020-01-06 04:00:00,0.036521
2020-01-06 04:05:00,0.035503
2020-01-06 04:10:00,0.089978
2020-01-06 04:15:00,0.030988
2020-01-06 04:20:00,0.088187
2020-01-06 04:25:00,0.158278
2020-01-06 04:30:00,0.089739
2020-01-06 04:35:00,0.229430
2020-01-06 04:40:00,0.010103
2020-01-06 04:45:00,0.248078
2020-01-06 04:50:00,0.040121
2020-01-06 04:55:00,0.272908
2020-01-06 05:00:00,0.150366
2020-01-06 05:05:00,0.434716
2020-01-06 05:10:00,0.004189
2020-01-06 05:15:00,0.204490
2020-01-06 05:20:00,0.202817
2020-01-06 05:25:00,0.012643
2020-01-06 05:30:00,0.066102
2020-01-06 05:35:00,0.185235
2020-01-06 05:40:00,0.157530
2020-01-06 05:45:00,0.104259
2020-01-06 05:50:00,0.197750
2020-01-06 05:55:00,0.175316
2020-01-06 06:00:00,0.120901
2020-01-06 06:05:00,0.005902
2020-01-06 06:10:00,0.279583
2020-01-06 06:15:00,0.189441
2020-01-06 06:20:00,0.043902
2020-01-06 06:25:00,0.135360
2020-01-06 06:30:00,0.237887
2020-01-06 06:35:00,0.175635
2020-01-06 06:40:00,0.154157
2020-01-06 06:45:00,0.129653
2020-01-06 06:50:00,0.033664
2020-01-06 06:55:00,0.136889
2020-01-06 07:00:00,0.032483
2020-01-06 07:05:00,0.096350
2020-01-06 07:10:00,0.194098
2020-01-06 07:15:00,0.087383
2020-01-06 07:20:00,0.037578
2020-01-06 07:25:00,0.223329
2020-01-06 07:30:00,0.035602
2020-01-06 07:35:00,0.393769
2020-01-06 07:40:00,0.211925
2020-01-06 07:45:00,0.178449
2020-01-06 07:50:00,0.026661
2020-01-06 07:55:00,0.114545
2020-01-06 08:00:00,0.150841
2020-01-06 08:05:00,0.041107
2020-01-06 08:10:00,0.074647
2020-01-06 08:15:00,0.011811
2020-01-06 08:20:00,0.208282
2020-01-06 08:25:00,0.123970
2020-01-06 08:30:00,0.264093
2020-01-06 08:35:00,0.302652
2020-01-06 08:40:00,0.097643
2020-01-06 08:45:00,0.174614
2020-01-06 08:50:00,0.403119
2020-01-06 08:55:00,0.282343
2020-01-06 09:00:00,0.283436
2020-01-06 09:05:00,0.078844
2020-01-06 09:10:00,0.151119
2020-01-06 09:15:00,0.199583
2020-01-06 09:20:00,0.396368
2020-01-06 09:25:00,0.128890
2020-01-06 09:30:00,0.032726
2020-01-06 09:35:00,0.098055
2020-01-06 09:40:00,0.226557
2020-01-06 09:45:00,0.087203
2020-01-06 09:50:00,0.059399
2020-01-06 09:55:00,0.020388
2020-01-06 10:00:00,0.090801
2020-01-06 10:05:00,0.141936
2020-01-06 10:10:00,0.149914
2020-01-06 10:15:00,0.122998
2020-01-06 10:20:00,0.042803
2020-01-06 10:25:00,0.040022
2020-01-06 10:30:00,0.233090
2020-01-06 10:35:00,0.099612
2020-01-06 10:40:00,0.110132
2020-01-06 10:45:00,0.201911
2020-01-06 10:50:00,0.033598
2020-01-06 10:55:00,0.189853
2020-01-06 11:00:00,0.068591
2020-01-06 11:05:00,0.159640
2020-01-06 11:10:00,0.121199
2020-01-06 11:15:00,0.006837
2020-01-06 11:20:00,0.012370
2020-01-06 11:25:00,0.375453
2020-01-06 11:30:00,0.117604
2020-01-06 11:35:00,0.020490
2020-01-06 11:40:00,0.124887
2020-01-06 11:45:00,0.083323
2020-01-06 11:50:00,0.159686
2020-01-06 11:55:00,0.368989
2020-01-06 12:00:00,0.303401
2020-01-06 12:05:00,0.095937
2020-01-06 12:10:00,0.234815
2020-01-06 12:15:00,0.265585
2020-01-06 12:20:00,0.161817
2020-01-06 12:25:00,0.004768
2020-01-06 12:30:00,0.174203
2020-01-06 12:35:00,0.056128
2020-01-06 12:40:00,0.121047
2020-01-06 12:45:00,0.010657
2020-01-06 12:50:00,0.101609
2020-01-06 12:55:00,0.060861
2020-01-06 13:00:00,0.117468
2020-01-06 13:05:00,0.007852
2020-01-06 13:10:00,0.163137
2020-01-06 13:15:00,0.175510
2020-01-06 13:20:00,0.276619
2020-01-06 13:25:00,0.062212
2020-01-06 13:30:00,0.036700
2020-01-06 13:35:00,0.015356
2020-01-06 13:40:00,0.092857
2020-01-06 13:45:00,0.142697
2020-01-06 13:50:00,0.160730
2020-01-06 13:55:00,0.036598
2020-01-06 14:00:00,0.115752
2020-01-06 14:05:00,0.133633
2020-01-06 14:10:00,0.188690
2020-01-06 14:15:00,0.141128
2020-01-06 14:20:00,0.135049
2020-01-06 14:25:00,0.058821
2020-01-06 14:30:00,0.012224
2020-01-06 14:35:00,0.165023
2020-01-06 14:40:00,0.446454
2020-01-06 14:45:00,0.163717
2020-01-06 14:50:00,0.089924
2020-01-06 14:55:00,0.028587
2020-01-06 15:00:00,0.330006
2020-01-06 15:05:00,0.126705
2020-01-06 15:10:00,0.253840
2020-01-06 15:15:00,0.346895
2020-01-06 15:20:00,0.074693
2020-01-06 15:25:00,0.219078
2020-01-06 15:30:00,0.228931
2020-01-06 15:35:00,0.071933
2020-01-06 15:40:00,0.011575
2020-01-06 15:45:00,0.113014
2020-01-06 15:50:00,0.033290
2020-01-06 15:55:00,0.177730
2020-01-06 16:00:00,0.193197
2020-01-06 16:05:00,0.394005
2020-01-06 16:10:00,0.127992
2020-01-06 16:15:00,0.259748
2020-01-06 16:20:00,0.184680
2020-01-06 16:25:00,0.240521
2020-01-06 16:30:00,0.080539
2020-01-06 16:35:00,0.179184
2020-01-06 16:40:00,0.061453
2020-01-06 16:45:00,0.224101
2020-01-06 16:50:00,0.132174
2020-01-06 16:55:00,0.146613
2020-01-06 17:00:00,0.085481
2020-01-06 17:05:00,0.155917
2020-01-06 17:10:00,0.099613
2020-01-06 17:15:00,0.224429
2020-01-06 17:20:00,0.209499
2020-01-06 17:25:00,0.236727
2020-01-06 17:30:00,0.324547
2020-01-06 17:35:00,0.185391
2020-01-06 17:40:00,0.051341
2020-01-06 17:45:00,0.100858
2020-01-06 17:50:00,0.149339
2020-01-06 17:55:00,0.034519
2020-01-06 18:00:00,0.120635
2020-01-06 18:05:00,0.146609
2020-01-06 18:10:00,0.189766
2020-01-06 18:15:00,0.062541
2020-01-06 18:20:00,0.315015
2020-01-06 18:25:00,0.183579
2020-01-06 18:30:00,0.383361
2020-01-06 18:35:00,0.092531
2020-01-06 18:40:00,0.043962
2020-01-06 18:45:00,0.047447
2020-01-06 18:50:00,0.140624
2020-01-06 18:55:00,0.068500
2020-01-06 19:00:00,0.131242
2020-01-06 19:05:00,0.198198
2020-01-06 19:10:00,0.271225
2020-01-06 19:15:00,0.127381
2020-01-06 19:20:00,0.110185
2020-01-06 19:25:00,0.237016
2020-01-06 19:30:00,0.016735
2020-01-06 19:35:00,0.235221
2020-01-06 19:40:00,0.019198
2020-01-06 19:45:00,0.226207
2020-01-06 19:50:00,0.079743
2020-01-06 19:55:00,0.266336
2020-01-06 20:00:00,0.168730
2020-01-06 20:05:00,0.168010
2020-01-06 20:10:00,0.006477
2020-01-06 20:15:00,0.164541
2020-01-06 20:20:00,0.037772
2020-01-06 20:25:00,0.012442
2020-01-06 20:30:00,0.204046
2020-01-06 20:35:00,0.008119
2020-01-06 20:40:00,0.206003
2020-01-06 20:45:00,0.057906
2020-01-06 20:50:00,0.060532
2020-01-06 20:55:00,0.461314
2020-01-06 21:00:00,0.315867
2020-01-06 21:05:00,0.033236
2020-01-06 21:10:00,0.262756
2020-01-06 21:15:00,0.162594
2020-01-06 21:20:00,0.191155
2020-01-06 21:25:00,0.033151
2020-01-06 21:30:00,0.004656
2020-01-06 21:35:00,0.067793
2020-01-06 21:40:00,0.143841
2020-01-06 21:45:00,0.007007
2020-01-06 21:50:00,0.123538
2020-01-06 21:55:00,0.280461
2020-01-06 22:00:00,0.059837
2020-01-06 22:05:00,0.231790
2020-01-06 22:10:00,0.224872
2020-01-06 22:15:00,0.300946
2020-01-06 22:20:00,0.220507
2020-01-06 22:25:00,0.334219
2020-01-06 22:30:00,0.274551
2020-01-06 22:35:00,0.314278
2020-01-06 22:40:00,0.330267
2020-01-06 22:45:00,0.080671
2020-01-06 22:50:00,0.016162
2020-01-06 22:55:00,0.020197
2020-01-06 23:00:00,0.009615
2020-01-06 23:05:00,0.268693
2020-01-06 23:10:00,0.086557
2020-01-06 23:15:00,0.224412
2020-01-06 23:20:00,0.290915
2020-01-06 23:25:00,0.267285
2020-01-06 23:30:00,0.027161
2020-01-06 23:35:00,0.143942
2020-01-06 23:40:00,0.070878
2020-01-06 23:45:00,0.167559
2020-01-06 23:50:00,0.162167
2020-01-06 23:55:00,0.190431
2020-01-07 00:00:00,0.005361
2020-01-07 00:05:00,0.149254
2020-01-07 00:10:00,0.153048
2020-01-07 00:15:00,0.066635
2020-01-07 00:20:00,0.254310
2020-01-07 00:25:00,0.193034
2020-01-07 00:30:00,0.068278
2020-01-07 00:35:00,0.115889
2020-01-07 00:40:00,0.072956
2020-01-07 00:45:00,0.170715
2020-01-07 00:50:00,0.092408
2020-01-07 00:55:00,0.185689
2020-01-07 01:00:00,0.022925
2020-01-07 01:05:00,0.132115
2020-01-07 01:10:00,0.132693
2020-01-07 01:15:00,0.098213
2020-01-07 01:20:00,0.108491
2020-01-07 01:25:00,0.099363
2020-01-07 01:30:00,0.008892
2020-01-07 01:35:00,0.265372
2020-01-07 01:40:00,0.015608
2020-01-07 01:45:00,0.032978
2020-01-07 01:50:00,0.011791
2020-01-07 01:55:00,0.079120
2020-01-07 02:00:00,0.391302
2020-01-07 02:05:00,0.145540
2020-01-07 02:10:00,0.235162
2020-01-07 02:15:00,0.195939
2020-01-07 02:20:00,0.061770
2020-01-07 02:25:00,0.003417
2020-01-07 02:30:00,0.395229
2020-01-07 02:35:00,0.123504
2020-01-07 02:40:00,0.126913
2020-01-07 02:45:00,0.072276
2020-01-07 02:50:00,0.100685
2020-01-07 02:55:00,0.415152
2020-01-07 03:00:00,0.009082
2020-01-07 03:05:00,0.029068
2020-01-07 03:10:00,0.328291
2020-01-07 03:15:00,0.145141
2020-01-07 03:20:00,0.023010
2020-01-07 03:25:00,0.088458
2020-01-07 03:30:00,0.058716
2020-01-07 03:35:00,0.061249
2020-01-07 03:40:00,0.102042
2020-01-07 03:45:00,0.093385
2020-01-07 03:50:00,0.044222
2020-01-07 03:55:00,0.067553
2020-01-07 04:00:00,0.041410
2020-01-07 04:05:00,0.193544
2020-01-07 04:10:00,0.012384
2020-01-07 04:15:00,0.016545
2020-01-07 04:20:00,0.001522
2020-01-07 04:25:00,0.204313
2020-01-07 04:30:00,0.087086
2020-01-07 04:35:00,0.324185
2020-01-07 04:40:00,0.127910
2020-01-07 04:45:00,0.216214
2020-01-07 04:50:00,0.081057
2020-01-07 04:55:00,0.176438
2020-01-07 05:00:00,0.149329
2020-01-07 05:05:00,0.340515
2020-01-07 05:10:00,0.031330
2020-01-07 05:15:00,0.465393
2020-01-07 05:20:00,0.142786
2020-01-07 05:25:00,0.122045
2020-01-07 05:30:00,0.098226
2020-01-07 05:35:00,0.222085
2020-01-07 05:40:00,0.429602
2020-01-07 05:45:00,0.025546
2020-01-07 05:50:00,0.097562
2020-01-07 05:55:00,0.238744
2020-01-07 06:00:00,0.144810
2020-01-07 06:05:00,0.179967
2020-01-07 06:10:00,0.077908
2020-01-07 06:15:00,0.203676
2020-01-07 06:20:00,0.000278
2020-01-07 06:25:00,0.071837
2020-01-07 06:30:00,0.254090
2020-01-07 06:35:00,0.089009
2020-01-07 06:40:00,0.102382
2020-01-07 06:45:00,0.402455
2020-01-07 06:50:00,0.211134
2020-01-07 06:55:00,0.634563
2020-01-07 07:00:00,0.079861
2020-01-07 07:05:00,0.042236
2020-01-07 07:10:00,0.384890
2020-01-07 07:15:00,0.240927
2020-01-07 07:20:00,0.031657
2020-01-07 07:25:00,0.312833
2020-01-07 07:30:00,0.095991
2020-01-07 07:35:00,0.243150
2020-01-07 07:40:00,0.027203
2020-01-07 07:45:00,0.114261
2020-01-07 07:50:00,0.367303
2020-01-07 07:55:00,0.066565
2020-01-07 08:00:00,0.054921
2020-01-07 08:05:00,0.169517
2020-01-07 08:10:00,0.142058
2020-01-07 08:15:00,0.083688
2020-01-07 08:20:00,0.020799
2020-01-07 08:25:00,0.723065
2020-01-07 08:30:00,0.457338
2020-01-07 08:35:00,0.068472
2020-01-07 08:40:00,0.354316
2020-01-07 08:45:00,0.035363
2020-01-07 08:50:00,0.033977
2020-01-07 08:55:00,0.062696
2020-01-07 09:00:00,0.045976
2020-01-07 09:05:00,0.013774
2020-01-07 09:10:00,0.264314
2020-01-07 09:15:00,0.009593
2020-01-07 09:20:00,0.119991
2020-01-07 09:25:00,0.143040
2020-01-07 09:30:00,0.017525
2020-01-07 09:35:00,0.071554
2020-01-07 09:40:00,0.237001
2020-01-07 09:45:00,0.109261
2020-01-07 09:50:00,0.109419
2020-01-07 09:55:00,0.143761
2020-01-07 10:00:00,0.182451
2020-01-07 10:05:00,0.046184
2020-01-07 10:10:00,0.247558
2020-01-07 10:15:00,0.271245
2020-01-07 10:20:00,0.120411
2020-01-07 10:25:00,0.035860
2020-01-07 10:30:00,0.112887
2020-01-07 10:35:00,0.242969
2020-01-07 10:40:00,0.241220
2020-01-07 10:45:00,0.080054
2020-01-07 10:50:00,0.049588
2020-01-07 10:55:00,0.150350
2020-01-07 11:00:00,0.005936
2020-01-07 11:05:00,0.231560
2020-01-07 11:10:00,0.205774
2020-01-07 11:15:00,0.543955
2020-01-07 11:20:00,0.202257
2020-01-07 11:25:00,0.428477
2020-01-07 11:30:00,0.194960
2020-01-07 11:35:00,0.007953
2020-01-07 11:40:00,0.325079
2020-01-07 11:45:00,0.195265
2020-01-07 11:50:00,0.202286
2020-01-07 11:55:00,0.028581
2020-01-07 12:00:00,0.066903
2020-01-07 12:05:00,0.109221
2020-01-07 12:10:00,0.102662
2020-01-07 12:15:00,0.269990
2020-01-07 12:20:00,0.076324
2020-01-07 12:25:00,0.237574
2020-01-07 12:30:00,0.014823
2020-01-07 12:35:00,0.043897
2020-01-07 12:40:00,0.090855
2020-01-07 12:45:00,0.245426
2020-01-07 12:50:00,0.105864
2020-01-07 12:55:00,0.038862
2020-01-07 13:00:00,0.136699
2020-01-07 13:05:00,0.236707
2020-01-07 13:10:00,0.202462
2020-01-07 13:15:00,0.068158
2020-01-07 13:20:00,0.258812
2020-01-07 13:25:00,0.558569
2020-01-07 13:30:00,0.314922
2020-01-07 13:35:00,0.085568
2020-01-07 13:40:00,0.063552
2020-01-07 13:45:00,0.113617
2020-01-07 13:50:00,0.266203
2020-01-07 13:55:00,0.132616
2020-01-07 14:00:00,0.176287
2020-01-07 14:05:00,0.194348
2020-01-07 14:10:00,0.104787
2020-01-07 14:15:00,0.324303
2020-01-07 14:20:00,0.277688
2020-01-07 14:25:00,0.059821
2020-01-07 14:30:00,0.045310
2020-01-07 14:35:00,0.365505
2020-01-07 14:40:00,0.212803
2020-01-07 14:45:00,0.038239
2020-01-07 14:50:00,0.008879
2020-01-07 14:55:00,0.253919
2020-01-07 15:00:00,0.229386
2020-01-07 15:05:00,0.126536
2020-01-07 15:10:00,0.197947
2020-01-07 15:15:00,0.042946
2020-01-07 15:20:00,0.066624
2020-01-07 15:25:00,0.302953
2020-01-07 15:30:00,0.139204
2020-01-07 15:35:00,0.000792
2020-01-07 15:40:00,0.217425
2020-01-07 15:45:00,0.400420
2020-01-07 15:50:00,0.231747
2020-01-07 15:55:00,0.102769
2020-01-07 16:00:00,0.013868
2020-01-07 16:05:00,0.355465
2020-01-07 16:10:00,0.322540
2020-01-07 16:15:00,0.071941
2020-01-07 16:20:00,0.341122
2020-01-07 16:25:00,0.117174
2020-01-07 16:30:00,0.139542
2020-01-07 16:35:00,0.094008
2020-01-07 16:40:00,0.065664
2020-01-07 16:45:00,0.371874
2020-01-07 16:50:00,0.045005
2020-01-07 16:55:00,0.191940
2020-01-07 17:00:00,0.183118
2020-01-07 17:05:00,0.153232
2020-01-07 17:10:00,0.035322
2020-01-07 17:15:00,0.109967
2020-01-07 17:20:00,0.118234
2020-01-07 17:25:00,0.064476
2020-01-07 17:30:00,0.037228
2020-01-07 17:35:00,0.117538
2020-01-07 17:40:00,0.065635
2020-01-07 17:45:00,0.092449
2020-01-07 17:50:00,0.247080
2020-01-07 17:55:00,0.219170
2020-01-07 18:00:00,0.253710
2020-01-07 18:05:00,0.174637
2020-01-07 18:10:00,0.024876
2020-01-07 18:15:00,0.201005
2020-01-07 18:20:00,0.027678
2020-01-07 18:25:00,0.091325
2020-01-07 18:30:00,0.423080
2020-01-07 18:35:00,0.293178
2020-01-07 18:40:00,0.110506
2020-01-07 18:45:00,0.131864
2020-01-07 18:50:00,0.179583
2020-01-07 18:55:00,0.056170
2020-01-07 19:00:00,0.042828
2020-01-07 19:05:00,0.344396
2020-01-07 19:10:00,0.265269
2020-01-07 19:15:00,0.007078
2020-01-07 19:20:00,0.120038
2020-01-07 19:25:00,0.013898
2020-01-07 19:30:00,0.256781
2020-01-07 19:35:00,0.230975
2020-01-07 19:40:00,0.145121
2020-01-07 19:45:00,0.199224
2020-01-07 19:50:00,0.161560
2020-01-07 19:55:00,0.253352
2020-01-07 20:00:00,0.138422
2020-01-07 20:05:00,0.070630
2020-01-07 20:10:00,0.038498
2020-01-07 20:15:00,0.054203
2020-01-07 20:20:00,0.247351
2020-01-07 20:25:00,0.074370
2020-01-07 20:30:00,0.281730
2020-01-07 20:35:00,0.032191
2020-01-07 20:40:00,0.368432
2020-01-07 20:45:00,0.205730
2020-01-07 20:50:00,0.331769
2020-01-07 20:55:00,0.314153
2020-01-07 21:00:00,0.084773
2020-01-07 21:05:00,0.059028
2020-01-07 21:10:00,0.051932
2020-01-07 21:15:00,0.086311
2020-01-07 21:20:00,0.072500
2020-01-07 21:25:00,0.041636
2020-01-07 21:30:00,0.043847
2020-01-07 21:35:00,0.227028
2020-01-07 21:40:00,0.224149
2020-01-07 21:45:00,0.059497
2020-01-07 21:50:00,0.269417
2020-01-07 21:55:00,0.070415
2020-01-07 22:00:00,0.167808
2020-01-07 22:05:00,0.044538
2020-01-07 22:10:00,0.205649
2020-01-07 22:15:00,0.076028
2020-01-07 22:20:00,0.212501
2020-01-07 22:25:00,0.007476
2020-01-07 22:30:00,0.313499
2020-01-07 22:35:00,0.162457
2020-01-07 22:40:00,0.044122
2020-01-07 22:45:00,0.319961
2020-01-07 22:50:00,0.081803
2020-01-07 22:55:00,0.238028
2020-01-07 23:00:00,0.028898
2020-01-07 23:05:00,0.262094
2020-01-07 23:10:00,0.150730
2020-01-07 23:15:00,0.367137
2020-01-07 23:20:00,0.334853
2020-01-07 23:25:00,0.114623
2020-01-07 23:30:00,0.085982
2020-01-07 23:35:00,0.217793
2020-01-07 23:40:00,0.027130
2020-01-07 23:45:00,0.277908
2020-01-07 23:50:00,0.040182
2020-01-07 23:55:00,0.085704
2020-01-08 00:00:00,0.051540
2020-01-08 00:05:00,0.656186
2020-01-08 00:10:00,0.151570
2020-01-08 00:15:00,0.341705
2020-01-08 00:20:00,0.098839
2020-01-08 00:25:00,0.174256
2020-01-08 00:30:00,0.158122
2020-01-08 00:35:00,0.192536
2020-01-08 00:40:00,0.048512
2020-01-08 00:45:00,0.397132
2020-01-08 00:50:00,0.027865
2020-01-08 00:55:00,0.035045
2020-01-08 01:00:00,0.192183
2020-01-08 01:05:00,0.044703
2020-01-08 01:10:00,0.244443
2020-01-08 01:15:00,0.453711
2020-01-08 01:20:00,0.012488
2020-01-08 01:25:00,0.263576
2020-01-08 01:30:00,0.227836
2020-01-08 01:35:00,0.054826
2020-01-08 01:40:00,0.003900
2020-01-08 01:45:00,0.014267
2020-01-08 01:50:00,0.015535
2020-01-08 01:55:00,0.078991
2020-01-08 02:00:00,0.012319
2020-01-08 02:05:00,0.118029
2020-01-08 02:10:00,0.230815
2020-01-08 02:15:00,0.037429
2020-01-08 02:20:00,0.066183
2020-01-08 02:25:00,0.211442
2020-01-08 02:30:00,0.287260
2020-01-08 02:35:00,0.110357
2020-01-08 02:40:00,0.277700
2020-01-08 02:45:00,0.081584
2020-01-08 02:50:00,0.254062
2020-01-08 02:55:00,0.062898
2020-01-08 03:00:00,0.051365
2020-01-08 03:05:00,0.103954
2020-01-08 03:10:00,0.302106
2020-01-08 03:15:00,0.005133
2020-01-08 03:20:00,0.340763
2020-01-08 03:25:00,0.118946
2020-01-08 03:30:00,0.402646
2020-01-08 03:35:00,0.087318
2020-01-08 03:40:00,0.200340
2020-01-08 03:45:00,0.018825
2020-01-08 03:50:00,0.147324
2020-01-08 03:55:00,0.202844
2020-01-08 04:00:00,0.183724
2020-01-08 04:05:00,0.248413
2020-01-08 04:10:00,0.056344
2020-01-08 04:15:00,0.080700
2020-01-08 04:20:00,0.100202
2020-01-08 04:25:00,0.152999
2020-01-08 04:30:00,0.158598
2020-01-08 04:35:00,0.177743
2020-01-08 04:40:00,0.097155
2020-01-08 04:45:00,0.420770
2020-01-08 04:50:00,0.296081
2020-01-08 04:55:00,0.312865
2020-01-08 05:00:00,0.189595
2020-01-08 05:05:00,0.159066
2020-01-08 05:10:00,0.370024
2020-01-08 05:15:00,0.302850
2020-01-08 05:20:00,0.319579
2020-01-08 05:25:00,0.272027
2020-01-08 05:30:00,0.211302
2020-01-08 05:35:00,0.124122
2020-01-08 05:40:00,0.150762
2020-01-08 05:45:00,0.080981
2020-01-08 05:50:00,0.048554
2020-01-08 05:55:00,0.081252
2020-01-08 06:00:00,0.007296
2020-01-08 06:05:00,0.072752
2020-01-08 06:10:00,0.186921
2020-01-08 06:15:00,0.095139
2020-01-08 06:20:00,0.103585
2020-01-08 06:25:00,0.234713
2020-01-08 06:30:00,0.328672
2020-01-08 06:35:00,0.259339
2020-01-08 06:40:00,0.139539
2020-01-08 06:45:00,0.007298
2020-01-08 06:50:00,0.013065
2020-01-08 06:55:00,0.084853
2020-01-08 07:00:00,0.221613
2020-01-08 07:05:00,0.173213
2020-01-08 07:10:00,0.519468
2020-01-08 07:15:00,0.027064
2020-01-08 07:20:00,0.159887
2020-01-08 07:25:00,0.078651
2020-01-08 07:30:00,0.216807
2020-01-08 07:35:00,0.069122
2020-01-08 07:40:00,0.202030
2020-01-08 07:45:00,0.066809
2020-01-08 07:50:00,0.113013
2020-01-08 07:55:00,0.237387
2020-01-08 08:00:00,0.282178
2020-01-08 08:05:00,0.119432
2020-01-08 08:10:00,0.078929
2020-01-08 08:15:00,0.256198
2020-01-08 08:20:00,0.137644
2020-01-08 08:25:00,0.061542
2020-01-08 08:30:00,0.011463
2020-01-08 08:35:00,0.331363
2020-01-08 08:40:00,0.144335
2020-01-08 08:45:00,0.025164
2020-01-08 08:50:00,0.030902
2020-01-08 08:55:00,0.186091
2020-01-08 09:00:00,0.224283
2020-01-08 09:05:00,0.414982
2020-01-08 09:10:00,0.246654
2020-01-08 09:15:00,0.170132
2020-01-08 09:20:00,0.018691
2020-01-08 09:25:00,0.208655
2020-01-08 09:30:00,0.317296
2020-01-08 09:35:00,0.037081
2020-01-08 09:40:00,0.184851
2020-01-08 09:45:00,0.158995
2020-01-08 09:50:00,0.019956
2020-01-08 09:55:00,0.012127
2020-01-08 10:00:00,0.261847
2020-01-08 10:05:00,0.226974
2020-01-08 10:10:00,0.092119
2020-01-08 10:15:00,0.259084
2020-01-08 10:20:00,0.303194
2020-01-08 10:25:00,0.038349
2020-01-08 10:30:00,0.344413
2020-01-08 10:35:00,0.047805
2020-01-08 10:40:00,0.055057
2020-01-08 10:45:00,0.212380
2020-01-08 10:50:00,0.006187
2020-01-08 10:55:00,0.096641
2020-01-08 11:00:00,0.108381
2020-01-08 11:05:00,0.130852
2020-01-08 11:10:00,0.095696
2020-01-08 11:15:00,0.433461
2020-01-08 11:20:00,0.122050
2020-01-08 11:25:00,0.227494
2020-01-08 11:30:00,0.061720
2020-01-08 11:35:00,0.498979
2020-01-08 11:40:00,0.038525
2020-01-08 11:45:00,0.074771
2020-01-08 11:50:00,0.178984
2020-01-08 11:55:00,0.062898
2020-01-08 12:00:00,0.162949
2020-01-08 12:05:00,0.071326
2020-01-08 12:10:00,0.315193
2020-01-08 12:15:00,0.136804
2020-01-08 12:20:00,0.060723
2020-01-08 12:25:00,0.021615
2020-01-08 12:30:00,0.115991
2020-01-08 12:35:00,0.508231
2020-01-08 12:40:00,0.341193
2020-01-08 12:45:00,0.030592
2020-01-08 12:50:00,0.201521
2020-01-08 12:55:00,0.197694
2020-01-08 13:00:00,0.158581
2020-01-08 13:05:00,0.086156
2020-01-08 13:10:00,0.357466
2020-01-08 13:15:00,0.159320
2020-01-08 13:20:00,0.076899
2020-01-08 13:25:00,0.149948
2020-01-08 13:30:00,0.154846
2020-01-08 13:35:00,0.014053
2020-01-08 13:40:00,0.117593
2020-01-08 13:45:00,0.087270
2020-01-08 13:50:00,0.474710
2020-01-08 13:55:00,0.100215
2020-01-08 14:00:00,0.312613
2020-01-08 14:05:00,0.179639
2020-01-08 14:10:00,0.120680
2020-01-08 14:15:00,0.053028
2020-01-08 14:20:00,0.040069
2020-01-08 14:25:00,0.080239
2020-01-08 14:30:00,0.131802
2020-01-08 14:35:00,0.375713
2020-01-08 14:40:00,0.034608
2020-01-08 14:45:00,0.247346
2020-01-08 14:50:00,0.165060
2020-01-08 14:55:00,0.233897
2020-01-08 15:00:00,0.107321
2020-01-08 15:05:00,0.169766
2020-01-08 15:10:00,0.080000
2020-01-08 15:15:00,0.313739
2020-01-08 15:20:00,0.101074
2020-01-08 15:25:00,0.190052
2020-01-08 15:30:00,0.233219
2020-01-08 15:35:00,0.161044
2020-01-08 15:40:00,0.217514
2020-01-08 15:45:00,0.253548
2020-01-08 15:50:00,0.093902
2020-01-08 15:55:00,0.025148
2020-01-08 16:00:00,0.381406
2020-01-08 16:05:00,0.062202
2020-01-08 16:10:00,0.117233
2020-01-08 16:15:00,0.137574
2020-01-08 16:20:00,0.200415
2020-01-08 16:25:00,0.240788
2020-01-08 16:30:00,0.005899
2020-01-08 16:35:00,0.176977
2020-01-08 16:40:00,0.199312
2020-01-08 16:45:00,0.110422
2020-01-08 16:50:00,0.249950
2020-01-08 16:55:00,0.163316
2020-01-08 17:00:00,0.174416
2020-01-08 17:05:00,0.384383
2020-01-08 17:10:00,0.047625
2020-01-08 17:15:00,0.093828
2020-01-08 17:20:00,0.128946
2020-01-08 17:25:00,0.026829
2020-01-08 17:30:00,0.333378
2020-01-08 17:35:00,0.118581
2020-01-08 17:40:00,0.143133
2020-01-08 17:45:00,0.175118
2020-01-08 17:50:00,0.041525
2020-01-08 17:55:00,0.236382
2020-01-08 18:00:00,0.025106
2020-01-08 18:05:00,0.010885
2020-01-08 18:10:00,0.011590
2020-01-08 18:15:00,0.012262
2020-01-08 18:20:00,0.004284
2020-01-08 18:25:00,0.211304
2020-01-08 18:30:00,0.123392
2020-01-08 18:35:00,0.244967
2020-01-08 18:40:00,0.036275
2020-01-08 18:45:00,0.029308
2020-01-08 18:50:00,0.167568
2020-01-08 18:55:00,0.005184
2020-01-08 19:00:00,0.312646
2020-01-08 19:05:00,0.064761
2020-01-08 19:10:00,0.508375
2020-01-08 19:15:00,0.011546
2020-01-08 19:20:00,0.191781
2020-01-08 19:25:00,0.117373
2020-01-08 19:30:00,0.071388
2020-01-08 19:35:00,0.015678
2020-01-08 19:40:00,0.159903
2020-01-08 19:45:00,0.057462
2020-01-08 19:50:00,0.110890
2020-01-08 19:55:00,0.070298
2020-01-08 20:00:00,0.293037
2020-01-08 20:05:00,0.253673
2020-01-08 20:10:00,0.133804
2020-01-08 20:15:00,0.042610
2020-01-08 20:20:00,0.355891
2020-01-08 20:25:00,0.232598
2020-01-08 20:30:00,0.151666
2020-01-08 20:35:00,0.500112
2020-01-08 20:40:00,0.199665
2020-01-08 20:45:00,0.114886
2020-01-08 20:50:00,0.116765
2020-01-08 20:55:00,0.115095
2020-01-08 21:00:00,0.369873
2020-01-08 21:05:00,0.079190
2020-01-08 21:10:00,0.211752
2020-01-08 21:15:00,0.285058
2020-01-08 21:20:00,0.244029
2020-01-08 21:25:00,0.292461
2020-01-08 21:30:00,0.403008
2020-01-08 21:35:00,0.001377
2020-01-08 21:40:00,0.167140
2020-01-08 21:45:00,0.144367
2020-01-08 21:50:00,0.050660
2020-01-08 21:55:00,0.288272
2020-01-08 22:00:00,0.038624
2020-01-08 22:05:00,0.104050
2020-01-08 22:10:00,0.182553
2020-01-08 22:15:00,0.164982
2020-01-08 22:20:00,0.054731
2020-01-08 22:25:00,0.108180
2020-01-08 22:30:00,0.154633
2020-01-08 22:35:00,0.360608
2020-01-08 22:40:00,0.048616
2020-01-08 22:45:00,0.142324
2020-01-08 22:50:00,0.165421
2020-01-08 22:55:00,0.323347
2020-01-08 23:00:00,0.039424
2020-01-08 23:05:00,0.038089
2020-01-08 23:10:00,0.031905
2020-01-08 23:15:00,0.173033
2020-01-08 23:20:00,0.296353
2020-01-08 23:25:00,0.145342
2020-01-08 23:30:00,0.176036
2020-01-08 23:35:00,0.052821
2020-01-08 23:40:00,0.082315
2020-01-08 23:45:00,0.086895
2020-01-08 23:50:00,0.173754
2020-01-08 23:55:00,0.201769
2020-01-09 00:00:00,0.016754
2020-01-09 00:05:00,0.206843
2020-01-09 00:10:00,0.062928
2020-01-09 00:15:00,0.370390
2020-01-09 00:20:00,0.070196
2020-01-09 00:25:00,0.184452
2020-01-09 00:30:00,0.256883
2020-01-09 00:35:00,0.083246
2020-01-09 00:40:00,0.140785
2020-01-09 00:45:00,0.159530
2020-01-09 00:50:00,0.349644
2020-01-09 00:55:00,0.170016
2020-01-09 01:00:00,0.039559
2020-01-09 01:05:00,0.168146
2020-01-09 01:10:00,0.130835
2020-01-09 01:15:00,0.024177
2020-01-09 01:20:00,0.008339
2020-01-09 01:25:00,0.177633
2020-01-09 01:30:00,0.116170
2020-01-09 01:35:00,0.129902
2020-01-09 01:40:00,0.154679
2020-01-09 01:45:00,0.197384
2020-01-09 01:50:00,0.298906
2020-01-09 01:55:00,0.223328
2020-01-09 02:00:00,0.047908
2020-01-09 02:05:00,0.133080
2020-01-09 02:10:00,0.421023
2020-01-09 02:15:00,0.133356
2020-01-09 02:20:00,0.287474
2020-01-09 02:25:00,0.221147
2020-01-09 02:30:00,0.160792
2020-01-09 02:35:00,0.202486
2020-01-09 02:40:00,0.318935
2020-01-09 02:45:00,0.031036
2020-01-09 02:50:00,0.391354
2020-01-09 02:55:00,0.218015
2020-01-09 03:00:00,0.075145
2020-01-09 03:05:00,0.062553
2020-01-09 03:10:00,0.146528
2020-01-09 03:15:00,0.055150
2020-01-09 03:20:00,0.114077
2020-01-09 03:25:00,0.361592
2020-01-09 03:30:00,0.038011
2020-01-09 03:35:00,0.325398
2020-01-09 03:40:00,0.153119
2020-01-09 03:45:00,0.373058
2020-01-09 03:50:00,0.091936
2020-01-09 03:55:00,0.246629
2020-01-09 04:00:00,0.169884
2020-01-09 04:05:00,0.048908
2020-01-09 04:10:00,0.180229
2020-01-09 04:15:00,0.198581
2020-01-09 04:20:00,0.070677
2020-01-09 04:25:00,0.222580
2020-01-09 04:30:00,0.075097
2020-01-09 04:35:00,0.239804
2020-01-09 04:40:00,0.005681
2020-01-09 04:45:00,0.002421
2020-01-09 04:50:00,0.076901
2020-01-09 04:55:00,0.133532
2020-01-09 05:00:00,0.384971
2020-01-09 05:05:00,0.142470
2020-01-09 05:10:00,0.268348
2020-01-09 05:15:00,0.121449
2020-01-09 05:20:00,0.324392
2020-01-09 05:25:00,0.236058
2020-01-09 05:30:00,0.188467
2020-01-09 05:35:00,0.025421
2020-01-09 05:40:00,0.280311
2020-01-09 05:45:00,0.193751
2020-01-09 05:50:00,0.090152
2020-01-09 05:55:00,0.185491
2020-01-09 06:00:00,0.156861
2020-01-09 06:05:00,0.060459
2020-01-09 06:10:00,0.104978
2020-01-09 06:15:00,0.169888
2020-01-09 06:20:00,0.256812
2020-01-09 06:25:00,0.137753
2020-01-09 06:30:00,0.223435
2020-01-09 06:35:00,0.018001
2020-01-09 06:40:00,0.027559
2020-01-09 06:45:00,0.175074
2020-01-09 06:50:00,0.065852
2020-01-09 06:55:00,0.056553
2020-01-09 07:00:00,0.069206
2020-01-09 07:05:00,0.293604
2020-01-09 07:10:00,0.003054
2020-01-09 07:15:00,0.186717
2020-01-09 07:20:00,0.042880
2020-01-09 07:25:00,0.026147
2020-01-09 07:30:00,0.026338
2020-01-09 07:35:00,0.114165
2020-01-09 07:40:00,0.033958
2020-01-09 07:45:00,0.097721
2020-01-09 07:50:00,0.243636
2020-01-09 07:55:00,0.201393
2020-01-09 08:00:00,0.029830
2020-01-09 08:05:00,0.299204
2020-01-09 08:10:00,0.202925
2020-01-09 08:15:00,0.126398
2020-01-09 08:20:00,0.153890
2020-01-09 08:25:00,0.489738
2020-01-09 08:30:00,0.334763
2020-01-09 08:35:00,0.025771
2020-01-09 08:40:00,0.007368
2020-01-09 08:45:00,0.034602
2020-01-09 08:50:00,0.155265
2020-01-09 08:55:00,0.420689
2020-01-09 09:00:00,0.179125
2020-01-09 09:05:00,0.070495
2020-01-09 09:10:00,0.279993
2020-01-09 09:15:00,0.384301
2020-01-09 09:20:00,0.011771
2020-01-09 09:25:00,0.224041
2020-01-09 09:30:00,0.058796
2020-01-09 09:35:00,0.248222
2020-01-09 09:40:00,0.016555
2020-01-09 09:45:00,0.299362
2020-01-09 09:50:00,0.157273
2020-01-09 09:55:00,0.031577
2020-01-09 10:00:00,0.049255
2020-01-09 10:05:00,0.060956
2020-01-09 10:10:00,0.032574
2020-01-09 10:15:00,0.193191
2020-01-09 10:20:00,0.014263
2020-01-09 10:25:00,0.190696
2020-01-09 10:30:00,0.208049
2020-01-09 10:35:00,0.075789
2020-01-09 10:40:00,0.014789
2020-01-09 10:45:00,0.174046
2020-01-09 10:50:00,0.131944
2020-01-09 10:55:00,0.042902
2020-01-09 11:00:00,0.216025
2020-01-09 11:05:00,0.128688
2020-01-09 11:10:00,0.079023
2020-01-09 11:15:00,0.068496
2020-01-09 11:20:00,0.338195
2020-01-09 11:25:00,0.217522
2020-01-09 11:30:00,0.469932
2020-01-09 11:35:00,0.048682
2020-01-09 11:40:00,0.143501
2020-01-09 11:45:00,0.200971
2020-01-09 11:50:00,0.171327
2020-01-09 11:55:00,0.206722
2020-01-09 12:00:00,0.125106
2020-01-09 12:05:00,0.313329
2020-01-09 12:10:00,0.002688
2020-01-09 12:15:00,0.259736
2020-01-09 12:20:00,0.372071
2020-01-09 12:25:00,0.158053
2020-01-09 12:30:00,0.209132
2020-01-09 12:35:00,0.183809
2020-01-09 12:40:00,0.084055
2020-01-09 12:45:00,0.052330
2020-01-09 12:50:00,0.173014
2020-01-09 12:55:00,0.162061
2020-01-09 13:00:00,0.105502
2020-01-09 13:05:00,0.088529
2020-01-09 13:10:00,0.356472
2020-01-09 13:15:00,0.110502
2020-01-09 13:20:00,0.235591
2020-01-09 13:25:00,0.317695
2020-01-09 13:30:00,0.118149
2020-01-09 13:35:00,0.089665
2020-01-09 13:40:00,0.102309
2020-01-09 13:45:00,0.051614
2020-01-09 13:50:00,0.156468
2020-01-09 13:55:00,0.092675
2020-01-09 14:00:00,0.068465
2020-01-09 14:05:00,0.087074
2020-01-09 14:10:00,0.223247
2020-01-09 14:15:00,0.128392
2020-01-09 14:20:00,0.116037
2020-01-09 14:25:00,0.073972
2020-01-09 14:30:00,0.051049
2020-01-09 14:35:00,0.290651
2020-01-09 14:40:00,0.188976
2020-01-09 14:45:00,0.033566
2020-01-09 14:50:00,0.185870
2020-01-09 14:55:00,0.067283
2020-01-09 15:00:00,0.026936
2020-01-09 15:05:00,0.254790
2020-01-09 15:10:00,0.197091
2020-01-09 15:15:00,0.094181
2020-01-09 15:20:00,0.040191
2020-01-09 15:25:00,0.007002
2020-01-09 15:30:00,0.070511
2020-01-09 15:35:00,0.230190
2020-01-09 15:40:00,0.335455
2020-01-09 15:45:00,0.427341
2020-01-09 15:50:00,0.316320
2020-01-09 15:55:00,0.297938
2020-01-09 16:00:00,0.077648
2020-01-09 16:05:00,0.072398
2020-01-09 16:10:00,0.163759
2020-01-09 16:15:00,0.104825
2020-01-09 16:20:00,0.035273
2020-01-09 16:25:00,0.094366
2020-01-09 16:30:00,0.402507
2020-01-09 16:35:00,0.060598
2020-01-09 16:40:00,0.037894
2020-01-09 16:45:00,0.019594
2020-01-09 16:50:00,0.422621
2020-01-09 16:55:00,0.300524
2020-01-09 17:00:00,0.250949
2020-01-09 17:05:00,0.165659
2020-01-09 17:10:00,0.044032
2020-01-09 17:15:00,0.160456
2020-01-09 17:20:00,0.092439
2020-01-09 17:25:00,0.005977
2020-01-09 17:30:00,0.000648
2020-01-09 17:35:00,0.297358
2020-01-09 17:40:00,0.174931
2020-01-09 17:45:00,0.156026
2020-01-09 17:50:00,0.158202
2020-01-09 17:55:00,0.000451
2020-01-09 18:00:00,0.154026
2020-01-09 18:05:00,0.057109
2020-01-09 18:10:00,0.196269
2020-01-09 18:15:00,0.255825
2020-01-09 18:20:00,0.225102
2020-01-09 18:25:00,0.144960
2020-01-09 18:30:00,0.078346
2020-01-09 18:35:00,0.108009
2020-01-09 18:40:00,0.070643
2020-01-09 18:45:00,0.003742
2020-01-09 18:50:00,0.276719
2020-01-09 18:55:00,0.026809
2020-01-09 19:00:00,0.018532
2020-01-09 19:05:00,0.000406
2020-01-09 19:10:00,0.228334
2020-01-09 19:15:00,0.024034
2020-01-09 19:20:00,0.348749
2020-01-09 19:25:00,0.153552
2020-01-09 19:30:00,0.023851
2020-01-09 19:35:00,0.171908
2020-01-09 19:40:00,0.325238
2020-01-09 19:45:00,0.122465
2020-01-09 19:50:00,0.176743
2020-01-09 19:55:00,0.124639
2020-01-09 20:00:00,0.293449
2020-01-09 20:05:00,0.417017
2020-01-09 20:10:00,0.260600
2020-01-09 20:15:00,0.015012
2020-01-09 20:20:00,0.250471
2020-01-09 20:25:00,0.018363
2020-01-09 20:30:00,0.156871
2020-01-09 20:35:00,0.234859
2020-01-09 20:40:00,0.083324
2020-01-09 20:45:00,0.104141
2020-01-09 20:50:00,0.047790
2020-01-09 20:55:00,0.243771
2020-01-09 21:00:00,0.327692
2020-01-09 21:05:00,0.218435
2020-01-09 21:10:00,0.210468
2020-01-09 21:15:00,0.043537
2020-01-09 21:20:00,0.032356
2020-01-09 21:25:00,0.011670
2020-01-09 21:30:00,0.005647
2020-01-09 21:35:00,0.091292
2020-01-09 21:40:00,0.130457
2020-01-09 21:45:00,0.346882
2020-01-09 21:50:00,0.235197
2020-01-09 21:55:00,0.230211
2020-01-09 22:00:00,0.452772
2020-01-09 22:05:00,0.000116
2020-01-09 22:10:00,0.172368
2020-01-09 22:15:00,0.454516
2020-01-09 22:20:00,0.227653
2020-01-09 22:25:00,0.320684
2020-01-09 22:30:00,0.085596
2020-01-09 22:35:00,0.113545
2020-01-09 22:40:00,0.144349
2020-01-09 22:45:00,0.184609
2020-01-09 22:50:00,0.071394
2020-01-09 22:55:00,0.234084
2020-01-09 23:00:00,0.111201
2020-01-09 23:05:00,0.179155
2020-01-09 23:10:00,0.142327
2020-01-09 23:15:00,0.139477
2020-01-09 23:20:00,0.335644
2020-01-09 23:25:00,0.145589
2020-01-09 23:30:00,0.066528
2020-01-09 23:35:00,0.321142
2020-01-09 23:40:00,0.062656
2020-01-09 23:45:00,0.317936
2020-01-09 23:50:00,0.010414
2020-01-09 23:55:00,0.011874
2020-01-10 00:00:00,0.173844
2020-01-10 00:05:00,0.240213
2020-01-10 00:10:00,0.188815
2020-01-10 00:15:00,0.100161
2020-01-10 00:20:00,0.152709
2020-01-10 00:25:00,0.313317
2020-01-10 00:30:00,0.160826
2020-01-10 00:35:00,0.055248
2020-01-10 00:40:00,0.283093
2020-01-10 00:45:00,0.104626
2020-01-10 00:50:00,0.234863
2020-01-10 00:55:00,0.354353
2020-01-10 01:00:00,0.277046
2020-01-10 01:05:00,0.123850
2020-01-10 01:10:00,0.177422
2020-01-10 01:15:00,0.081219
2020-01-10 01:20:00,0.236398
2020-01-10 01:25:00,0.307589
2020-01-10 01:30:00,0.168282
2020-01-10 01:35:00,0.151390
2020-01-10 01:40:00,0.353971
2020-01-10 01:45:00,0.047858
2020-01-10 01:50:00,0.399156
2020-01-10 01:55:00,0.068688
2020-01-10 02:00:00,0.566397
2020-01-10 02:05:00,0.145683
2020-01-10 02:10:00,0.035275
2020-01-10 02:15:00,0.086689
2020-01-10 02:20:00,0.017529
2020-01-10 02:25:00,0.133213
2020-01-10 02:30:00,0.167237
2020-01-10 02:35:00,0.224431
2020-01-10 02:40:00,0.035936
2020-01-10 02:45:00,0.154667
2020-01-10 02:50:00,0.180937
2020-01-10 02:55:00,0.151894
2020-01-10 03:00:00,0.041221
2020-01-10 03:05:00,0.101114
2020-01-10 03:10:00,0.330836
2020-01-10 03:15:00,0.041146
2020-01-10 03:20:00,0.168673
2020-01-10 03:25:00,0.004994
2020-01-10 03:30:00,0.204913
2020-01-10 03:35:00,0.520289
2020-01-10 03:40:00,0.043464
2020-01-10 03:45:00,0.153860
2020-01-10 03:50:00,0.215484
2020-01-10 03:55:00,0.127592
2020-01-10 04:00:00,0.001323
2020-01-10 04:05:00,0.164817
2020-01-10 04:10:00,0.249698
2020-01-10 04:15:00,0.021381
2020-01-10 04:20:00,0.019147
2020-01-10 04:25:00,0.058552
2020-01-10 04:30:00,0.037326
2020-01-10 04:35:00,0.136301
2020-01-10 04:40:00,0.253272
2020-01-10 04:45:00,0.041036
2020-01-10 04:50:00,0.025896
2020-01-10 04:55:00,0.195401
2020-01-10 05:00:00,0.234523
2020-01-10 05:05:00,0.001670
2020-01-10 05:10:00,0.025277
2020-01-10 05:15:00,0.016827
2020-01-10 05:20:00,0.168268
2020-01-10 05:25:00,0.195986
2020-01-10 05:30:00,0.073004
2020-01-10 05:35:00,0.040500
2020-01-10 05:40:00,0.068669
2020-01-10 05:45:00,0.185723
2020-01-10 05:50:00,0.011936
2020-01-10 05:55:00,0.071246
2020-01-10 06:00:00,0.141334
2020-01-10 06:05:00,0.069175
2020-01-10 06:10:00,0.066754
2020-01-10 06:15:00,0.084085
2020-01-10 06:20:00,0.317294
2020-01-10 06:25:00,0.305691
2020-01-10 06:30:00,0.216280
2020-01-10 06:35:00,0.086411
2020-01-10 06:40:00,0.061408
2020-01-10 06:45:00,0.259029
2020-01-10 06:50:00,0.118372
2020-01-10 06:55:00,0.027343
2020-01-10 07:00:00,0.259308
2020-01-10 07:05:00,0.059311
2020-01-10 07:10:00,0.438503
2020-01-10 07:15:00,0.225218
2020-01-10 07:20:00,0.286302
2020-01-10 07:25:00,0.054355
2020-01-10 07:30:00,0.402051
2020-01-10 07:35:00,0.058073
2020-01-10 07:40:00,0.029316
2020-01-10 07:45:00,0.060274
2020-01-10 07:50:00,0.114892
2020-01-10 07:55:00,0.320432
2020-01-10 08:00:00,0.095827
2020-01-10 08:05:00,0.024400
2020-01-10 08:10:00,0.183925
2020-01-10 08:15:00,0.021232
2020-01-10 08:20:00,0.231742
2020-01-10 08:25:00,0.257476
2020-01-10 08:30:00,0.514440
2020-01-10 08:35:00,0.078886
2020-01-10 08:40:00,0.004581
2020-01-10 08:45:00,0.164391
2020-01-10 08:50:00,0.232465
2020-01-10 08:55:00,0.012696
2020-01-10 09:00:00,0.259667
2020-01-10 09:05:00,0.054927
2020-01-10 09:10:00,0.029320
2020-01-10 09:15:00,0.125744
2020-01-10 09:20:00,0.030215
2020-01-10 09:25:00,0.234635
2020-01-10 09:30:00,0.513881
2020-01-10 09:35:00,0.134185
2020-01-10 09:40:00,0.098628
2020-01-10 09:45:00,0.077103
2020-01-10 09:50:00,0.300021
2020-01-10 09:55:00,0.113409
2020-01-10 10:00:00,0.281376
2020-01-10 10:05:00,0.361198
2020-01-10 10:10:00,0.062791
2020-01-10 10:15:00,0.125610
2020-01-10 10:20:00,0.048281
2020-01-10 10:25:00,0.293555
2020-01-10 10:30:00,0.276542
2020-01-10 10:35:00,0.089460
2020-01-10 10:40:00,0.225720
2020-01-10 10:45:00,0.337146
2020-01-10 10:50:00,0.076424
2020-01-10 10:55:00,0.082998
2020-01-10 11:00:00,0.123281
2020-01-10 11:05:00,0.061756
2020-01-10 11:10:00,0.120262
2020-01-10 11:15:00,0.380112
2020-01-10 11:20:00,0.019371
2020-01-10 11:25:00,0.055658
2020-01-10 11:30:00,0.051587
2020-01-10 11:35:00,0.111364
2020-01-10 11:40:00,0.013719
2020-01-10 11:45:00,0.096342
2020-01-10 11:50:00,0.245568
2020-01-10 11:55:00,0.187554
2020-01-10 12:00:00,0.187308
2020-01-10 12:05:00,0.089030
2020-01-10 12:10:00,0.236833
2020-01-10 12:15:00,0.061186
2020-01-10 12:20:00,0.062749
2020-01-10 12:25:00,0.012452
2020-01-10 12:30:00,0.005847
2020-01-10 12:35:00,0.150782
2020-01-10 12:40:00,0.216932
2020-01-10 12:45:00,0.197120
2020-01-10 12:50:00,0.214888
2020-01-10 12:55:00,0.382929
2020-01-10 13:00:00,0.214516
2020-01-10 13:05:00,0.093473
2020-01-10 13:10:00,0.093832
2020-01-10 13:15:00,0.207150
2020-01-10 13:20:00,0.281863
2020-01-10 13:25:00,0.250263
2020-01-10 13:30:00,0.138289
2020-01-10 13:35:00,0.145006
2020-01-10 13:40:00,0.145023
2020-01-10 13:45:00,0.507628
2020-01-10 13:50:00,0.115753
2020-01-10 13:55:00,0.152220
2020-01-10 14:00:00,0.069675
2020-01-10 14:05:00,0.105967
2020-01-10 14:10:00,0.001822
2020-01-10 14:15:00,0.096065
2020-01-10 14:20:00,0.063361
2020-01-10 14:25:00,0.061024
2020-01-10 14:30:00,0.171430
2020-01-10 14:35:00,0.071840
2020-01-10 14:40:00,0.013514
2020-01-10 14:45:00,0.091815
2020-01-10 14:50:00,0.138076
2020-01-10 14:55:00,0.436413
2020-01-10 15:00:00,0.123263
2020-01-10 15:05:00,0.208671
2020-01-10 15:10:00,0.210378
2020-01-10 15:15:00,0.021199
2020-01-10 15:20:00,0.013150
2020-01-10 15:25:00,0.196591
2020-01-10 15:30:00,0.334270
2020-01-10 15:35:00,0.015590
2020-01-10 15:40:00,0.119449
2020-01-10 15:45:00,0.005031
2020-01-10 15:50:00,0.204700
2020-01-10 15:55:00,0.335836
2020-01-10 16:00:00,0.138027
2020-01-10 16:05:00,0.117834
2020-01-10 16:10:00,0.121073
2020-01-10 16:15:00,0.029603
2020-01-10 16:20:00,0.123770
2020-01-10 16:25:00,0.020004
2020-01-10 16:30:00,0.271870
2020-01-10 16:35:00,0.177325
2020-01-10 16:40:00,0.518493
2020-01-10 16:45:00,0.283331
2020-01-10 16:50:00,0.024672
2020-01-10 16:55:00,0.286017
2020-01-10 17:00:00,0.403503
2020-01-10 17:05:00,0.016555
2020-01-10 17:10:00,0.061335
2020-01-10 17:15:00,0.272618
2020-01-10 17:20:00,0.266101
2020-01-10 17:25:00,0.168049
2020-01-10 17:30:00,0.031937
2020-01-10 17:35:00,0.423950
2020-01-10 17:40:00,0.145301
2020-01-10 17:45:00,0.166771
2020-01-10 17:50:00,0.338297
2020-01-10 17:55:00,0.233880
2020-01-10 18:00:00,0.331110
2020-01-10 18:05:00,0.069042
2020-01-10 18:10:00,0.043019
2020-01-10 18:15:00,0.137805
2020-01-10 18:20:00,0.003680
2020-01-10 18:25:00,0.225521
2020-01-10 18:30:00,0.052358
2020-01-10 18:35:00,0.360179
2020-01-10 18:40:00,0.235752
2020-01-10 18:45:00,0.112013
2020-01-10 18:50:00,0.004707
2020-01-10 18:55:00,0.175528
2020-01-10 19:00:00,0.088050
2020-01-10 19:05:00,0.141536
2020-01-10 19:10:00,0.246352
2020-01-10 19:15:00,0.240640
2020-01-10 19:20:00,0.340797
2020-01-10 19:25:00,0.208985
2020-01-10 19:30:00,0.125548
2020-01-10 19:35:00,0.148991
2020-01-10 19:40:00,0.400574
2020-01-10 19:45:00,0.093543
2020-01-10 19:50:00,0.094363
2020-01-10 19:55:00,0.092547
2020-01-10 20:00:00,0.076847
2020-01-10 20:05:00,0.176432
2020-01-10 20:10:00,0.117350
2020-01-10 20:15:00,0.111736
2020-01-10 20:20:00,0.131114
2020-01-10 20:25:00,0.190117
2020-01-10 20:30:00,0.059053
2020-01-10 20:35:00,0.263084
2020-01-10 20:40:00,0.036640
2020-01-10 20:45:00,0.402075
2020-01-10 20:50:00,0.097828
2020-01-10 20:55:00,0.212097
2020-01-10 21:00:00,0.097190
2020-01-10 21:05:00,0.223476
2020-01-10 21:10:00,0.130118
2020-01-10 21:15:00,0.004252
2020-01-10 21:20:00,0.000523
2020-01-10 21:25:00,0.002643
2020-01-10 21:30:00,0.161063
2020-01-10 21:35:00,0.047833
2020-01-10 21:40:00,0.040484
2020-01-10 21:45:00,0.057856
2020-01-10 21:50:00,0.092546
2020-01-10 21:55:00,0.322924
2020-01-10 22:00:00,0.236282
2020-01-10 22:05:00,0.016967
2020-01-10 22:10:00,0.019187
2020-01-10 22:15:00,0.275344
2020-01-10 22:20:00,0.013578
2020-01-10 22:25:00,0.267158
2020-01-10 22:30:00,0.117707
2020-01-10 22:35:00,0.257430
2020-01-10 22:40:00,0.295119
2020-01-10 22:45:00,0.075097
2020-01-10 22:50:00,0.352434
2020-01-10 22:55:00,0.089466
2020-01-10 23:00:00,0.213037
2020-01-10 23:05:00,0.263580
2020-01-10 23:10:00,0.268393
2020-01-10 23:15:00,0.146041
2020-01-10 23:20:00,0.102244
2020-01-10 23:25:00,0.211616
2020-01-10 23:30:00,0.163605
2020-01-10 23:35:00,0.063649
2020-01-10 23:40:00,0.326324
2020-01-10 23:45:00,0.031432
2020-01-10 23:50:00,0.029348
2020-01-10 23:55:00,0.190395
2020-01-11 00:00:00,0.012953
2020-01-11 00:05:00,0.006182
2020-01-11 00:10:00,0.052834
2020-01-11 00:15:00,0.216045
2020-01-11 00:20:00,0.015677
2020-01-11 00:25:00,0.051764
2020-01-11 00:30:00,0.106567
2020-01-11 00:35:00,0.035879
2020-01-11 00:40:00,0.190150
2020-01-11 00:45:00,0.131247
2020-01-11 00:50:00,0.125470
2020-01-11 00:55:00,0.256704
2020-01-11 01:00:00,0.312979
2020-01-11 01:05:00,0.082076
2020-01-11 01:10:00,0.235859
2020-01-11 01:15:00,0.134398
2020-01-11 01:20:00,0.328140
2020-01-11 01:25:00,0.036068
2020-01-11 01:30:00,0.289441
2020-01-11 01:35:00,0.285805
2020-01-11 01:40:00,0.155260
2020-01-11 01:45:00,0.342990
2020-01-11 01:50:00,0.002541
2020-01-11 01:55:00,0.316023
2020-01-11 02:00:00,0.113049
2020-01-11 02:05:00,0.048320
2020-01-11 02:10:00,0.576180
2020-01-11 02:15:00,0.279833
2020-01-11 02:20:00,0.137940
2020-01-11 02:25:00,0.190993
2020-01-11 02:30:00,0.025986
2020-01-11 02:35:00,0.160790
2020-01-11 02:40:00,0.149344
2020-01-11 02:45:00,0.096807
2020-01-11 02:50:00,0.083659
2020-01-11 02:55:00,0.050926
2020-01-11 03:00:00,0.181751
2020-01-11 03:05:00,0.066890
2020-01-11 03:10:00,0.341499
2020-01-11 03:15:00,0.155103
2020-01-11 03:20:00,0.053229
2020-01-11 03:25:00,0.124347
2020-01-11 03:30:00,0.332139
2020-01-11 03:35:00,0.150364
2020-01-11 03:40:00,0.152716
2020-01-11 03:45:00,0.257640
2020-01-11 03:50:00,0.364962
2020-01-11 03:55:00,0.083640
2020-01-11 04:00:00,0.136983
2020-01-11 04:05:00,0.353942
2020-01-11 04:10:00,0.134403
2020-01-11 04:15:00,0.251740
2020-01-11 04:20:00,0.170954
2020-01-11 04:25:00,0.279436
2020-01-11 04:30:00,0.099090
2020-01-11 04:35:00,0.096913
2020-01-11 04:40:00,0.152283
2020-01-11 04:45:00,0.286777
2020-01-11 04:50:00,0.297434
2020-01-11 04:55:00,0.120410
2020-01-11 05:00:00,0.258484
2020-01-11 05:05:00,0.057764
2020-01-11 05:10:00,0.154226
2020-01-11 05:15:00,0.203018
2020-01-11 05:20:00,0.200091
2020-01-11 05:25:00,0.315121
2020-01-11 05:30:00,0.081527
2020-01-11 05:35:00,0.323505
2020-01-11 05:40:00,0.349423
2020-01-11 05:45:00,0.072702
2020-01-11 05:50:00,0.384710
2020-01-11 05:55:00,0.236980
2020-01-11 06:00:00,0.479870
2020-01-11 06:05:00,0.040386
2020-01-11 06:10:00,0.206556
2020-01-11 06:15:00,0.265079
2020-01-11 06:20:00,0.119430
2020-01-11 06:25:00,0.025354
2020-01-11 06:30:00,0.176951
2020-01-11 06:35:00,0.209577
2020-01-11 06:40:00,0.084487
2020-01-11 06:45:00,0.117556
2020-01-11 06:50:00,0.098843
2020-01-11 06:55:00,0.190845
2020-01-11 07:00:00,0.488857
2020-01-11 07:05:00,0.224356
2020-01-11 07:10:00,0.046462
2020-01-11 07:15:00,0.249752
2020-01-11 07:20:00,0.067240
2020-01-11 07:25:00,0.157216
2020-01-11 07:30:00,0.154036
2020-01-11 07:35:00,0.076218
2020-01-11 07:40:00,0.375855
2020-01-11 07:45:00,0.016919
2020-01-11 07:50:00,0.249257
2020-01-11 07:55:00,0.076605
2020-01-11 08:00:00,0.161183
2020-01-11 08:05:00,0.034621
2020-01-11 08:10:00,0.085914
2020-01-11 08:15:00,0.388908
2020-01-11 08:20:00,0.129714
2020-01-11 08:25:00,0.138768
2020-01-11 08:30:00,0.023933
2020-01-11 08:35:00,0.299773
2020-01-11 08:40:00,0.172979
2020-01-11 08:45:00,0.151787
2020-01-11 08:50:00,0.184596
2020-01-11 08:55:00,0.394011
2020-01-11 09:00:00,0.195675
2020-01-11 09:05:00,0.202290
2020-01-11 09:10:00,0.246878
2020-01-11 09:15:00,0.271494
2020-01-11 09:20:00,0.096139
2020-01-11 09:25:00,0.185122
2020-01-11 09:30:00,0.175729
2020-01-11 09:35:00,0.224788
2020-01-11 09:40:00,0.214766
2020-01-11 09:45:00,0.176206
2020-01-11 09:50:00,0.028792
2020-01-11 09:55:00,0.042512
