ts,delay
2020-01-01 00:00:00,1.125527
2020-01-01 00:05:00,0.881716
2020-01-01 00:10:00,0.985143
2020-01-01 00:15:00,1.210767
2020-01-01 00:20:00,1.144030
2020-01-01 00:25:00,0.980022
2020-01-01 00:30:00,0.783126
2020-01-01 00:35:00,0.791731
2020-01-01 00:40:00,0.883582
2020-01-01 00:45:00,0.835932
2020-01-01 00:50:00,1.070150
2020-01-01 00:55:00,0.946227
2020-01-01 01:00:00,0.831934
2020-01-01 01:05:00,0.889528
2020-01-01 01:10:00,0.869831
2020-01-01 01:15:00,1.077266
2020-01-01 01:20:00,0.773509
2020-01-01 01:25:00,0.866147
2020-01-01 01:30:00,0.927025
2020-01-01 01:35:00,0.964710
2020-01-01 01:40:00,1.215927
2020-01-01 01:45:00,0.818363
2020-01-01 01:50:00,0.776722
2020-01-01 01:55:00,1.084184
2020-01-01 02:00:00,1.072847
2020-01-01 02:05:00,0.837882
2020-01-01 02:10:00,0.877784
2020-01-01 02:15:00,0.838132
2020-01-01 02:20:00,1.030111
2020-01-01 02:25:00,1.025122
2020-01-01 02:30:00,1.158906
2020-01-01 02:35:00,0.949168
2020-01-01 02:40:00,0.772153
2020-01-01 02:45:00,0.879346
2020-01-01 02:50:00,0.805145
2020-01-01 02:55:00,0.886752
2020-01-01 03:00:00,0.822074
2020-01-01 03:05:00,0.864253
2020-01-01 03:10:00,0.841900
2020-01-01 03:15:00,0.892910
2020-01-01 03:20:00,0.819469
2020-01-01 03:25:00,0.940516
2020-01-01 03:30:00,0.833240
2020-01-01 03:35:00,1.013863
2020-01-01 03:40:00,0.882106
2020-01-01 03:45:00,0.820223
2020-01-01 03:50:00,0.971216
2020-01-01 03:55:00,0.893425
2020-01-01 04:00:00,1.076224
2020-01-01 04:05:00,1.149094
2020-01-01 04:10:00,1.020903
2020-01-01 04:15:00,0.778019
2020-01-01 04:20:00,0.998678
2020-01-01 04:25:00,1.028709
2020-01-01 04:30:00,0.847414
2020-01-01 04:35:00,0.984768
2020-01-01 04:40:00,0.873887
2020-01-01 04:45:00,0.936491
2020-01-01 04:50:00,0.812060
2020-01-01 04:55:00,1.129427
2020-01-01 05:00:00,0.832870
2020-01-01 05:05:00,0.882043
2020-01-01 05:10:00,1.146817
2020-01-01 05:15:00,0.983473
2020-01-01 05:20:00,1.157627
2020-01-01 05:25:00,1.153930
2020-01-01 05:30:00,1.074841
2020-01-01 05:35:00,1.144030
2020-01-01 05:40:00,0.972148
2020-01-01 05:45:00,1.151628
2020-01-01 05:50:00,0.953631
2020-01-01 05:55:00,0.979515
2020-01-01 06:00:00,0.782473
2020-01-01 06:05:00,0.919956
2020-01-01 06:10:00,0.975038
2020-01-01 06:15:00,0.877473
2020-01-01 06:20:00,0.863496
2020-01-01 06:25:00,1.047289
2020-01-01 06:30:00,0.783434
2020-01-01 06:35:00,1.140759
2020-01-01 06:40:00,0.930363
2020-01-01 06:45:00,0.883021
2020-01-01 06:50:00,0.906580
2020-01-01 06:55:00,0.815873
2020-01-01 07:00:00,0.931103
2020-01-01 07:05:00,0.913255
2020-01-01 07:10:00,0.772947
2020-01-01 07:15:00,0.880974
2020-01-01 07:20:00,0.888729
2020-01-01 07:25:00,0.839978
2020-01-01 07:30:00,0.923702
2020-01-01 07:35:00,1.236196
2020-01-01 07:40:00,0.979019
2020-01-01 07:45:00,1.009862
2020-01-01 07:50:00,0.797984
2020-01-01 07:55:00,1.116462
2020-01-01 08:00:00,0.792584
2020-01-01 08:05:00,1.011582
2020-01-01 08:10:00,1.155108
2020-01-01 08:15:00,0.979902
2020-01-01 08:20:00,0.825834
2020-01-01 08:25:00,0.961122
2020-01-01 08:30:00,1.022556
2020-01-01 08:35:00,0.866840
2020-01-01 08:40:00,0.974797
2020-01-01 08:45:00,0.867159
2020-01-01 08:50:00,0.963351
2020-01-01 08:55:00,0.932026
2020-01-01 09:00:00,0.813308
2020-01-01 09:05:00,0.921950
2020-01-01 09:10:00,0.819508
2020-01-01 09:15:00,1.086014
2020-01-01 09:20:00,0.857921
2020-01-01 09:25:00,0.803161
2020-01-01 09:30:00,0.903724
2020-01-01 09:35:00,0.779517
2020-01-01 09:40:00,0.948149
2020-01-01 09:45:00,0.957393
2020-01-01 09:50:00,1.196885
2020-01-01 09:55:00,1.049102
2020-01-01 10:00:00,0.767391
2020-01-01 10:05:00,1.006759
2020-01-01 10:10:00,0.927319
2020-01-01 10:15:00,0.924614
2020-01-01 10:20:00,0.805834
2020-01-01 10:25:00,0.860223
2020-01-01 10:30:00,0.792638
2020-01-01 10:35:00,0.972887
2020-01-01 10:40:00,0.866889
2020-01-01 10:45:00,0.950748
2020-01-01 10:50:00,0.807140
2020-01-01 10:55:00,0.877961
2020-01-01 11:00:00,1.214059
2020-01-01 11:05:00,0.802629
2020-01-01 11:10:00,0.896253
2020-01-01 11:15:00,0.821492
2020-01-01 11:20:00,0.838160
2020-01-01 11:25:00,0.851688
2020-01-01 11:30:00,0.767652
2020-01-01 11:35:00,0.884557
2020-01-01 11:40:00,0.949831
2020-01-01 11:45:00,1.077339
2020-01-01 11:50:00,0.886381
2020-01-01 11:55:00,0.931188
2020-01-01 12:00:00,0.786429
2020-01-01 12:05:00,1.016175
2020-01-01 12:10:00,1.003177
2020-01-01 12:15:00,0.903329
2020-01-01 12:20:00,0.835559
2020-01-01 12:25:00,0.933803
2020-01-01 12:30:00,0.934377
2020-01-01 12:35:00,0.919295
2020-01-01 12:40:00,0.800786
2020-01-01 12:45:00,0.843929
2020-01-01 12:50:00,0.903834
2020-01-01 12:55:00,0.825989
2020-01-01 13:00:00,0.827594
2020-01-01 13:05:00,0.881517
2020-01-01 13:10:00,1.159824
2020-01-01 13:15:00,0.879916
2020-01-01 13:20:00,0.898445
2020-01-01 13:25:00,0.789428
2020-01-01 13:30:00,1.179234
2020-01-01 13:35:00,0.790423
2020-01-01 13:40:00,0.992550
2020-01-01 13:45:00,1.084827
2020-01-01 13:50:00,0.861370
2020-01-01 13:55:00,0.919021
2020-01-01 14:00:00,1.026689
2020-01-01 14:05:00,0.933496
2020-01-01 14:10:00,1.042902
2020-01-01 14:15:00,1.222033
2020-01-01 14:20:00,0.785880
2020-01-01 14:25:00,1.013415
2020-01-01 14:30:00,0.827652
2020-01-01 14:35:00,0.914392
2020-01-01 14:40:00,0.876335
2020-01-01 14:45:00,1.106592
2020-01-01 14:50:00,0.789060
2020-01-01 14:55:00,0.929306
2020-01-01 15:00:00,0.934203
2020-01-01 15:05:00,0.781657
2020-01-01 15:10:00,0.786282
2020-01-01 15:15:00,1.002842
2020-01-01 15:20:00,0.827049
2020-01-01 15:25:00,0.802644
2020-01-01 15:30:00,0.799167
2020-01-01 15:35:00,0.791001
2020-01-01 15:40:00,0.859256
2020-01-01 15:45:00,0.781998
2020-01-01 15:50:00,1.213597
2020-01-01 15:55:00,0.978801
2020-01-01 16:00:00,0.943751
2020-01-01 16:05:00,0.948410
2020-01-01 16:10:00,0.918569
2020-01-01 16:15:00,0.890792
2020-01-01 16:20:00,1.106846
2020-01-01 16:25:00,1.001191
2020-01-01 16:30:00,0.838196
2020-01-01 16:35:00,0.913600
2020-01-01 16:40:00,0.872688
2020-01-01 16:45:00,1.054108
2020-01-01 16:50:00,0.921079
2020-01-01 16:55:00,0.935040
2020-01-01 17:00:00,0.810857
2020-01-01 17:05:00,0.976761
2020-01-01 17:10:00,0.870955
2020-01-01 17:15:00,0.807380
2020-01-01 17:20:00,0.838951
2020-01-01 17:25:00,0.776102
2020-01-01 17:30:00,0.860315
2020-01-01 17:35:00,0.960634
2020-01-01 17:40:00,0.819031
2020-01-01 17:45:00,0.898462
2020-01-01 17:50:00,0.925183
2020-01-01 17:55:00,0.773197
2020-01-01 18:00:00,0.967525
2020-01-01 18:05:00,0.879414
2020-01-01 18:10:00,0.817089
2020-01-01 18:15:00,1.104805
2020-01-01 18:20:00,0.839541
2020-01-01 18:25:00,0.911592
2020-01-01 18:30:00,0.770377
2020-01-01 18:35:00,0.963546
2020-01-01 18:40:00,1.014168
2020-01-01 18:45:00,1.072350
2020-01-01 18:50:00,0.962586
2020-01-01 18:55:00,0.947232
2020-01-01 19:00:00,0.873874
2020-01-01 19:05:00,0.873729
2020-01-01 19:10:00,0.955787
2020-01-01 19:15:00,0.820717
2020-01-01 19:20:00,0.777103
2020-01-01 19:25:00,0.953245
2020-01-01 19:30:00,0.768448
2020-01-01 19:35:00,1.119926
2020-01-01 19:40:00,0.932545
2020-01-01 19:45:00,0.876472
2020-01-01 19:50:00,0.835578
2020-01-01 19:55:00,1.081899
2020-01-01 20:00:00,1.117579
2020-01-01 20:05:00,0.976342
2020-01-01 20:10:00,0.914262
2020-01-01 20:15:00,0.832300
2020-01-01 20:20:00,0.786925
2020-01-01 20:25:00,0.826978
2020-01-01 20:30:00,0.978763
2020-01-01 20:35:00,0.858431
2020-01-01 20:40:00,0.965520
2020-01-01 20:45:00,0.859677
2020-01-01 20:50:00,0.866460
2020-01-01 20:55:00,0.957050
2020-01-01 21:00:00,0.811129
2020-01-01 21:05:00,0.953293
2020-01-01 21:10:00,0.824173
2020-01-01 21:15:00,0.794822
2020-01-01 21:20:00,0.844915
2020-01-01 21:25:00,0.966748
2020-01-01 21:30:00,0.789606
2020-01-01 21:35:00,0.891951
2020-01-01 21:40:00,0.790450
2020-01-01 21:45:00,0.956811
2020-01-01 21:50:00,0.892973
2020-01-01 21:55:00,0.860074
2020-01-01 22:00:00,0.870766
2020-01-01 22:05:00,1.171467
2020-01-01 22:10:00,0.845810
2020-01-01 22:15:00,0.801137
2020-01-01 22:20:00,0.842599
2020-01-01 22:25:00,1.241436
2020-01-01 22:30:00,0.855139
2020-01-01 22:35:00,1.121026
2020-01-01 22:40:00,0.987942
2020-01-01 22:45:00,1.045993
2020-01-01 22:50:00,1.011932
2020-01-01 22:55:00,0.898849
2020-01-01 23:00:00,0.948080
2020-01-01 23:05:00,0.994207
2020-01-01 23:10:00,0.964382
2020-01-01 23:15:00,1.080707
2020-01-01 23:20:00,0.909061
2020-01-01 23:25:00,0.802013
2020-01-01 23:30:00,0.849601
2020-01-01 23:35:00,1.006871
2020-01-01 23:40:00,1.042219
2020-01-01 23:45:00,1.292163
2020-01-01 23:50:00,0.796968
2020-01-01 23:55:00,0.796266
2020-01-02 00:00:00,0.878601
2020-01-02 00:05:00,0.804062
2020-01-02 00:10:00,1.006167
2020-01-02 00:15:00,0.768314
2020-01-02 00:20:00,1.042828
2020-01-02 00:25:00,0.970221
2020-01-02 00:30:00,1.055973
2020-01-02 00:35:00,0.841613
2020-01-02 00:40:00,0.899329
2020-01-02 00:45:00,0.997520
2020-01-02 00:50:00,0.861001
2020-01-02 00:55:00,1.121704
2020-01-02 01:00:00,0.770390
2020-01-02 01:05:00,0.853464
2020-01-02 01:10:00,0.977636
2020-01-02 01:15:00,1.062652
2020-01-02 01:20:00,0.964642
2020-01-02 01:25:00,0.881955
2020-01-02 01:30:00,1.029142
2020-01-02 01:35:00,0.821777
2020-01-02 01:40:00,0.777605
2020-01-02 01:45:00,0.773913
2020-01-02 01:50:00,0.790540
2020-01-02 01:55:00,0.848345
2020-01-02 02:00:00,0.766919
2020-01-02 02:05:00,1.081589
2020-01-02 02:10:00,1.002923
2020-01-02 02:15:00,1.021367
2020-01-02 02:20:00,0.839487
2020-01-02 02:25:00,0.827402
2020-01-02 02:30:00,0.978660
2020-01-02 02:35:00,1.042187
2020-01-02 02:40:00,0.813818
2020-01-02 02:45:00,1.169717
2020-01-02 02:50:00,0.802211
2020-01-02 02:55:00,0.845054
2020-01-02 03:00:00,0.845320
2020-01-02 03:05:00,0.873600
2020-01-02 03:10:00,0.920458
2020-01-02 03:15:00,0.811725
2020-01-02 03:20:00,0.904391
2020-01-02 03:25:00,0.891302
2020-01-02 03:30:00,0.816798
2020-01-02 03:35:00,0.947454
2020-01-02 03:40:00,0.915631
2020-01-02 03:45:00,0.786756
2020-01-02 03:50:00,1.012733
2020-01-02 03:55:00,0.950503
2020-01-02 04:00:00,0.771401
2020-01-02 04:05:00,0.889802
2020-01-02 04:10:00,0.907306
2020-01-02 04:15:00,0.888667
2020-01-02 04:20:00,0.770938
2020-01-02 04:25:00,0.873068
2020-01-02 04:30:00,0.877976
2020-01-02 04:35:00,0.771440
2020-01-02 04:40:00,0.778258
2020-01-02 04:45:00,0.884783
2020-01-02 04:50:00,0.852747
2020-01-02 04:55:00,0.790432
2020-01-02 05:00:00,0.830767
2020-01-02 05:05:00,0.918355
2020-01-02 05:10:00,0.970273
2020-01-02 05:15:00,0.786603
2020-01-02 05:20:00,0.882539
2020-01-02 05:25:00,0.850197
2020-01-02 05:30:00,0.869107
2020-01-02 05:35:00,1.040067
2020-01-02 05:40:00,0.931108
2020-01-02 05:45:00,0.770094
2020-01-02 05:50:00,0.842957
2020-01-02 05:55:00,1.108882
2020-01-02 06:00:00,0.800149
2020-01-02 06:05:00,0.809935
2020-01-02 06:10:00,0.789183
2020-01-02 06:15:00,0.893515
2020-01-02 06:20:00,0.882271
2020-01-02 06:25:00,0.855320
2020-01-02 06:30:00,0.956825
2020-01-02 06:35:00,1.053289
2020-01-02 06:40:00,0.794026
2020-01-02 06:45:00,1.054656
2020-01-02 06:50:00,0.995095
2020-01-02 06:55:00,0.994117
2020-01-02 07:00:00,0.797261
2020-01-02 07:05:00,1.087664
2020-01-02 07:10:00,0.861470
2020-01-02 07:15:00,0.866879
2020-01-02 07:20:00,0.903146
2020-01-02 07:25:00,0.850513
2020-01-02 07:30:00,0.890574
2020-01-02 07:35:00,0.798157
2020-01-02 07:40:00,0.891070
2020-01-02 07:45:00,0.827683
2020-01-02 07:50:00,0.805996
2020-01-02 07:55:00,1.003101
2020-01-02 08:00:00,0.877554
2020-01-02 08:05:00,0.849423
2020-01-02 08:10:00,0.880447
2020-01-02 08:15:00,0.991987
2020-01-02 08:20:00,1.064557
2020-01-02 08:25:00,0.880988
2020-01-02 08:30:00,1.011185
2020-01-02 08:35:00,0.945218
2020-01-02 08:40:00,0.965242
2020-01-02 08:45:00,1.188583
2020-01-02 08:50:00,0.803789
2020-01-02 08:55:00,1.235767
2020-01-02 09:00:00,0.869277
2020-01-02 09:05:00,0.979871
2020-01-02 09:10:00,1.005167
2020-01-02 09:15:00,0.845572
2020-01-02 09:20:00,1.003591
2020-01-02 09:25:00,1.005862
2020-01-02 09:30:00,0.852160
2020-01-02 09:35:00,1.191329
2020-01-02 09:40:00,0.977583
2020-01-02 09:45:00,0.803909
2020-01-02 09:50:00,1.036330
2020-01-02 09:55:00,0.847990
2020-01-02 10:00:00,0.931736
2020-01-02 10:05:00,1.047539
2020-01-02 10:10:00,0.792078
2020-01-02 10:15:00,0.992839
2020-01-02 10:20:00,0.843062
2020-01-02 10:25:00,1.032440
2020-01-02 10:30:00,0.955457
2020-01-02 10:35:00,0.915162
2020-01-02 10:40:00,1.256585
2020-01-02 10:45:00,0.911006
2020-01-02 10:50:00,0.791530
2020-01-02 10:55:00,1.123906
2020-01-02 11:00:00,0.786410
2020-01-02 11:05:00,0.909536
2020-01-02 11:10:00,0.812033
2020-01-02 11:15:00,0.938897
2020-01-02 11:20:00,0.864456
2020-01-02 11:25:00,0.948311
2020-01-02 11:30:00,0.890303
2020-01-02 11:35:00,1.113394
2020-01-02 11:40:00,0.807527
2020-01-02 11:45:00,0.957018
2020-01-02 11:50:00,0.930055
2020-01-02 11:55:00,0.817292
2020-01-02 12:00:00,0.857678
2020-01-02 12:05:00,0.939445
2020-01-02 12:10:00,0.814583
2020-01-02 12:15:00,0.938888
2020-01-02 12:20:00,0.792003
2020-01-02 12:25:00,0.813629
2020-01-02 12:30:00,1.140818
2020-01-02 12:35:00,0.771898
2020-01-02 12:40:00,0.814000
2020-01-02 12:45:00,0.844640
2020-01-02 12:50:00,0.799710
2020-01-02 12:55:00,0.798182
2020-01-02 13:00:00,1.076422
2020-01-02 13:05:00,0.903372
2020-01-02 13:10:00,0.919572
2020-01-02 13:15:00,0.895434
2020-01-02 13:20:00,0.836720
2020-01-02 13:25:00,0.904756
2020-01-02 13:30:00,0.885733
2020-01-02 13:35:00,0.802782
2020-01-02 13:40:00,0.801230
2020-01-02 13:45:00,1.044802
2020-01-02 13:50:00,0.823516
2020-01-02 13:55:00,1.062446
2020-01-02 14:00:00,0.950654
2020-01-02 14:05:00,0.799910
2020-01-02 14:10:00,0.978382
2020-01-02 14:15:00,0.882618
2020-01-02 14:20:00,0.899215
2020-01-02 14:25:00,0.805501
2020-01-02 14:30:00,0.790078
2020-01-02 14:35:00,0.925494
2020-01-02 14:40:00,0.991061
2020-01-02 14:45:00,0.893912
2020-01-02 14:50:00,1.120490
2020-01-02 14:55:00,1.110845
2020-01-02 15:00:00,0.814287
2020-01-02 15:05:00,0.808191
2020-01-02 15:10:00,0.812239
2020-01-02 15:15:00,0.868631
2020-01-02 15:20:00,0.869180
2020-01-02 15:25:00,1.208095
2020-01-02 15:30:00,1.055262
2020-01-02 15:35:00,0.868257
2020-01-02 15:40:00,0.988429
2020-01-02 15:45:00,0.815653
2020-01-02 15:50:00,0.797734
2020-01-02 15:55:00,0.819403
2020-01-02 16:00:00,0.965218
2020-01-02 16:05:00,0.894278
2020-01-02 16:10:00,0.865858
2020-01-02 16:15:00,0.853011
2020-01-02 16:20:00,0.984034
2020-01-02 16:25:00,1.191635
2020-01-02 16:30:00,0.882834
2020-01-02 16:35:00,0.775651
2020-01-02 16:40:00,0.945280
2020-01-02 16:45:00,0.816048
2020-01-02 16:50:00,0.814724
2020-01-02 16:55:00,1.016506
2020-01-02 17:00:00,0.841020
2020-01-02 17:05:00,0.813948
2020-01-02 17:10:00,0.827962
2020-01-02 17:15:00,0.850832
2020-01-02 17:20:00,0.789666
2020-01-02 17:25:00,0.865376
2020-01-02 17:30:00,0.964928
2020-01-02 17:35:00,1.003491
2020-01-02 17:40:00,2.364879
2020-01-02 17:45:00,2.554406
2020-01-02 17:50:00,2.435356
2020-01-02 17:55:00,2.419693
2020-01-02 18:00:00,2.687641
2020-01-02 18:05:00,2.405410
2020-01-02 18:10:00,2.415746
2020-01-02 18:15:00,2.634587
2020-01-02 18:20:00,2.521528
2020-01-02 18:25:00,2.501445
2020-01-02 18:30:00,2.629597
2020-01-02 18:35:00,2.412637
2020-01-02 18:40:00,1.167340
2020-01-02 18:45:00,1.273965
2020-01-02 18:50:00,0.875886
2020-01-02 18:55:00,0.844203
2020-01-02 19:00:00,1.136015
2020-01-02 19:05:00,0.981918
2020-01-02 19:10:00,1.047768
2020-01-02 19:15:00,0.994385
2020-01-02 19:20:00,0.983125
2020-01-02 19:25:00,0.800288
2020-01-02 19:30:00,0.873253
2020-01-02 19:35:00,0.782873
2020-01-02 19:40:00,1.038296
2020-01-02 19:45:00,1.047044
2020-01-02 19:50:00,0.846888
2020-01-02 19:55:00,0.818251
2020-01-02 20:00:00,1.228417
2020-01-02 20:05:00,0.875338
2020-01-02 20:10:00,1.073198
2020-01-02 20:15:00,1.094908
2020-01-02 20:20:00,0.865301
2020-01-02 20:25:00,1.110783
2020-01-02 20:30:00,0.875582
2020-01-02 20:35:00,1.042184
2020-01-02 20:40:00,0.896188
2020-01-02 20:45:00,1.303448
2020-01-02 20:50:00,0.796835
2020-01-02 20:55:00,0.856431
2020-01-02 21:00:00,0.859450
2020-01-02 21:05:00,1.066714
2020-01-02 21:10:00,0.900858
2020-01-02 21:15:00,0.789406
2020-01-02 21:20:00,0.853880
2020-01-02 21:25:00,1.060689
2020-01-02 21:30:00,0.904737
2020-01-02 21:35:00,0.854185
2020-01-02 21:40:00,0.964547
2020-01-02 21:45:00,1.229672
2020-01-02 21:50:00,0.977877
2020-01-02 21:55:00,0.863227
2020-01-02 22:00:00,0.958552
2020-01-02 22:05:00,0.796811
2020-01-02 22:10:00,0.812370
2020-01-02 22:15:00,1.090705
2020-01-02 22:20:00,0.933605
2020-01-02 22:25:00,0.952597
2020-01-02 22:30:00,0.983381
2020-01-02 22:35:00,0.850508
2020-01-02 22:40:00,1.058508
2020-01-02 22:45:00,1.170218
2020-01-02 22:50:00,0.784517
2020-01-02 22:55:00,0.874448
2020-01-02 23:00:00,0.784340
2020-01-02 23:05:00,1.000489
2020-01-02 23:10:00,0.887606
2020-01-02 23:15:00,0.939672
2020-01-02 23:20:00,1.057814
2020-01-02 23:25:00,0.889022
2020-01-02 23:30:00,0.842144
2020-01-02 23:35:00,0.853226
2020-01-02 23:40:00,0.861866
2020-01-02 23:45:00,0.883988
2020-01-02 23:50:00,0.774717
2020-01-02 23:55:00,0.827021
2020-01-03 00:00:00,0.909567
2020-01-03 00:05:00,0.969723
2020-01-03 00:10:00,0.828902
2020-01-03 00:15:00,0.850950
2020-01-03 00:20:00,0.846200
2020-01-03 00:25:00,0.906852
2020-01-03 00:30:00,0.801366
2020-01-03 00:35:00,0.852913
2020-01-03 00:40:00,1.109426
2020-01-03 00:45:00,0.839063
2020-01-03 00:50:00,1.089659
2020-01-03 00:55:00,0.850271
2020-01-03 01:00:00,0.848610
2020-01-03 01:05:00,0.827562
2020-01-03 01:10:00,0.991744
2020-01-03 01:15:00,0.935502
2020-01-03 01:20:00,1.116276
2020-01-03 01:25:00,1.009914
2020-01-03 01:30:00,0.834797
2020-01-03 01:35:00,0.773189
2020-01-03 01:40:00,0.944967
2020-01-03 01:45:00,1.000620
2020-01-03 01:50:00,0.986319
2020-01-03 01:55:00,0.947278
2020-01-03 02:00:00,0.882157
2020-01-03 02:05:00,1.108580
2020-01-03 02:10:00,0.864167
2020-01-03 02:15:00,0.918898
2020-01-03 02:20:00,1.009495
2020-01-03 02:25:00,1.066411
2020-01-03 02:30:00,0.884976
2020-01-03 02:35:00,0.888042
2020-01-03 02:40:00,0.816098
2020-01-03 02:45:00,0.782292
2020-01-03 02:50:00,0.997720
2020-01-03 02:55:00,1.377030
2020-01-03 03:00:00,0.844058
2020-01-03 03:05:00,1.036313
2020-01-03 03:10:00,0.847696
2020-01-03 03:15:00,0.849951
2020-01-03 03:20:00,0.794385
2020-01-03 03:25:00,0.827769
2020-01-03 03:30:00,0.878365
2020-01-03 03:35:00,0.822248
2020-01-03 03:40:00,0.813104
2020-01-03 03:45:00,0.861007
2020-01-03 03:50:00,0.884440
2020-01-03 03:55:00,0.799165
2020-01-03 04:00:00,0.825830
2020-01-03 04:05:00,0.977994
2020-01-03 04:10:00,0.918711
2020-01-03 04:15:00,0.868870
2020-01-03 04:20:00,0.916887
2020-01-03 04:25:00,0.931287
2020-01-03 04:30:00,0.819446
2020-01-03 04:35:00,0.768871
2020-01-03 04:40:00,1.194443
2020-01-03 04:45:00,0.794051
2020-01-03 04:50:00,0.940975
2020-01-03 04:55:00,0.798476
2020-01-03 05:00:00,0.872422
2020-01-03 05:05:00,0.928748
2020-01-03 05:10:00,0.804653
2020-01-03 05:15:00,1.092423
2020-01-03 05:20:00,0.858274
2020-01-03 05:25:00,0.904018
2020-01-03 05:30:00,1.036747
2020-01-03 05:35:00,0.899474
2020-01-03 05:40:00,0.799090
2020-01-03 05:45:00,1.035273
2020-01-03 05:50:00,0.936051
2020-01-03 05:55:00,1.261799
2020-01-03 06:00:00,1.126576
2020-01-03 06:05:00,0.780113
2020-01-03 06:10:00,0.877739
2020-01-03 06:15:00,1.046927
2020-01-03 06:20:00,0.779400
2020-01-03 06:25:00,0.940741
2020-01-03 06:30:00,1.007639
2020-01-03 06:35:00,0.974895
2020-01-03 06:40:00,0.892559
2020-01-03 06:45:00,0.975322
2020-01-03 06:50:00,0.786485
2020-01-03 06:55:00,0.818597
2020-01-03 07:00:00,0.957582
2020-01-03 07:05:00,0.905137
2020-01-03 07:10:00,0.787258
2020-01-03 07:15:00,0.849006
2020-01-03 07:20:00,0.824164
2020-01-03 07:25:00,1.061261
2020-01-03 07:30:00,0.836361
2020-01-03 07:35:00,1.081678
2020-01-03 07:40:00,0.946845
2020-01-03 07:45:00,0.779837
2020-01-03 07:50:00,0.786205
2020-01-03 07:55:00,1.028519
2020-01-03 08:00:00,0.775710
2020-01-03 08:05:00,0.804227
2020-01-03 08:10:00,0.847131
2020-01-03 08:15:00,0.905113
2020-01-03 08:20:00,0.852933
2020-01-03 08:25:00,1.060072
2020-01-03 08:30:00,0.820045
2020-01-03 08:35:00,0.863629
2020-01-03 08:40:00,1.104871
2020-01-03 08:45:00,1.065125
2020-01-03 08:50:00,0.977526
2020-01-03 08:55:00,0.931451
2020-01-03 09:00:00,0.959028
2020-01-03 09:05:00,0.868650
2020-01-03 09:10:00,1.101849
2020-01-03 09:15:00,0.877712
2020-01-03 09:20:00,0.853062
2020-01-03 09:25:00,0.838599
2020-01-03 09:30:00,0.844660
2020-01-03 09:35:00,0.947949
2020-01-03 09:40:00,0.786865
2020-01-03 09:45:00,1.135870
2020-01-03 09:50:00,0.796660
2020-01-03 09:55:00,0.885427
2020-01-03 10:00:00,0.854266
2020-01-03 10:05:00,0.987538
2020-01-03 10:10:00,1.150734
2020-01-03 10:15:00,0.807541
2020-01-03 10:20:00,0.778397
2020-01-03 10:25:00,0.855052
2020-01-03 10:30:00,0.998733
2020-01-03 10:35:00,0.981802
2020-01-03 10:40:00,1.011093
2020-01-03 10:45:00,0.779174
2020-01-03 10:50:00,1.059111
2020-01-03 10:55:00,0.995663
2020-01-03 11:00:00,0.813542
2020-01-03 11:05:00,0.915599
2020-01-03 11:10:00,1.093487
2020-01-03 11:15:00,0.926014
2020-01-03 11:20:00,0.965877
2020-01-03 11:25:00,1.041884
2020-01-03 11:30:00,0.920382
2020-01-03 11:35:00,0.906106
2020-01-03 11:40:00,0.882527
2020-01-03 11:45:00,0.844407
2020-01-03 11:50:00,0.967584
2020-01-03 11:55:00,0.825548
2020-01-03 12:00:00,0.944602
2020-01-03 12:05:00,0.910824
2020-01-03 12:10:00,0.855374
2020-01-03 12:15:00,1.127423
2020-01-03 12:20:00,0.781185
2020-01-03 12:25:00,0.947727
2020-01-03 12:30:00,0.869269
2020-01-03 12:35:00,0.784214
2020-01-03 12:40:00,0.864082
2020-01-03 12:45:00,0.995933
2020-01-03 12:50:00,0.895827
2020-01-03 12:55:00,1.120651
2020-01-03 13:00:00,0.981893
2020-01-03 13:05:00,0.850554
2020-01-03 13:10:00,1.225052
2020-01-03 13:15:00,0.831114
2020-01-03 13:20:00,0.905677
2020-01-03 13:25:00,0.867008
2020-01-03 13:30:00,0.887910
2020-01-03 13:35:00,0.906731
2020-01-03 13:40:00,0.941112
2020-01-03 13:45:00,0.858647
2020-01-03 13:50:00,0.996992
2020-01-03 13:55:00,0.917268
2020-01-03 14:00:00,1.016068
2020-01-03 14:05:00,0.833703
2020-01-03 14:10:00,1.171901
2020-01-03 14:15:00,0.900526
2020-01-03 14:20:00,0.874403
2020-01-03 14:25:00,1.211252
2020-01-03 14:30:00,1.153820
2020-01-03 14:35:00,1.061408
2020-01-03 14:40:00,1.099428
2020-01-03 14:45:00,0.885724
2020-01-03 14:50:00,0.908051
2020-01-03 14:55:00,0.906894
2020-01-03 15:00:00,0.794968
2020-01-03 15:05:00,0.983003
2020-01-03 15:10:00,0.901006
2020-01-03 15:15:00,0.903722
2020-01-03 15:20:00,0.827917
2020-01-03 15:25:00,1.091964
2020-01-03 15:30:00,0.899980
2020-01-03 15:35:00,0.838903
2020-01-03 15:40:00,1.097724
2020-01-03 15:45:00,0.847235
2020-01-03 15:50:00,0.865194
2020-01-03 15:55:00,0.838651
2020-01-03 16:00:00,0.867285
2020-01-03 16:05:00,0.785553
2020-01-03 16:10:00,0.901858
2020-01-03 16:15:00,0.917924
2020-01-03 16:20:00,0.921930
2020-01-03 16:25:00,0.797112
2020-01-03 16:30:00,0.799470
2020-01-03 16:35:00,0.770842
2020-01-03 16:40:00,1.044122
2020-01-03 16:45:00,0.805571
2020-01-03 16:50:00,1.014911
2020-01-03 16:55:00,0.872123
2020-01-03 17:00:00,0.948573
2020-01-03 17:05:00,2.108362
2020-01-03 17:10:00,2.183208
2020-01-03 17:15:00,2.382338
2020-01-03 17:20:00,2.369226
2020-01-03 17:25:00,2.230108
2020-01-03 17:30:00,2.239178
2020-01-03 17:35:00,2.164217
2020-01-03 17:40:00,2.258057
2020-01-03 17:45:00,2.249154
2020-01-03 17:50:00,2.570303
2020-01-03 17:55:00,2.169531
2020-01-03 18:00:00,2.474874
2020-01-03 18:05:00,2.372832
2020-01-03 18:10:00,2.118915
2020-01-03 18:15:00,0.854295
2020-01-03 18:20:00,1.082965
2020-01-03 18:25:00,0.967860
2020-01-03 18:30:00,0.876648
2020-01-03 18:35:00,0.891932
2020-01-03 18:40:00,0.982212
2020-01-03 18:45:00,0.947979
2020-01-03 18:50:00,0.853652
2020-01-03 18:55:00,0.879965
2020-01-03 19:00:00,1.094150
2020-01-03 19:05:00,0.948674
2020-01-03 19:10:00,0.883714
2020-01-03 19:15:00,0.810643
2020-01-03 19:20:00,0.996110
2020-01-03 19:25:00,0.839615
2020-01-03 19:30:00,0.968420
2020-01-03 19:35:00,1.073635
2020-01-03 19:40:00,0.879738
2020-01-03 19:45:00,1.019519
2020-01-03 19:50:00,0.808715
2020-01-03 19:55:00,0.996627
2020-01-03 20:00:00,0.884206
2020-01-03 20:05:00,0.837832
2020-01-03 20:10:00,0.996375
2020-01-03 20:15:00,0.803163
2020-01-03 20:20:00,0.833764
2020-01-03 20:25:00,0.947609
2020-01-03 20:30:00,0.966723
2020-01-03 20:35:00,1.158248
2020-01-03 20:40:00,0.992738
2020-01-03 20:45:00,0.936870
2020-01-03 20:50:00,1.248367
2020-01-03 20:55:00,0.772428
2020-01-03 21:00:00,0.788659
2020-01-03 21:05:00,1.107035
2020-01-03 21:10:00,1.006517
2020-01-03 21:15:00,0.785543
2020-01-03 21:20:00,0.814721
2020-01-03 21:25:00,0.919297
2020-01-03 21:30:00,0.861311
2020-01-03 21:35:00,0.985113
2020-01-03 21:40:00,0.929232
2020-01-03 21:45:00,0.899741
2020-01-03 21:50:00,0.977523
2020-01-03 21:55:00,0.954833
2020-01-03 22:00:00,0.882877
2020-01-03 22:05:00,1.025000
2020-01-03 22:10:00,0.836539
2020-01-03 22:15:00,0.967384
2020-01-03 22:20:00,0.923772
2020-01-03 22:25:00,0.907181
2020-01-03 22:30:00,0.938165
2020-01-03 22:35:00,0.967660
2020-01-03 22:40:00,1.133406
2020-01-03 22:45:00,0.888237
2020-01-03 22:50:00,0.844635
2020-01-03 22:55:00,0.934679
2020-01-03 23:00:00,0.870645
2020-01-03 23:05:00,0.926696
2020-01-03 23:10:00,0.810446
2020-01-03 23:15:00,1.125029
2020-01-03 23:20:00,0.944986
2020-01-03 23:25:00,0.830304
2020-01-03 23:30:00,0.822252
2020-01-03 23:35:00,0.949188
2020-01-03 23:40:00,0.803794
2020-01-03 23:45:00,0.870250
2020-01-03 23:50:00,0.968653
2020-01-03 23:55:00,0.861092
2020-01-04 00:00:00,0.805083
2020-01-04 00:05:00,0.841236
2020-01-04 00:10:00,0.911459
2020-01-04 00:15:00,0.836337
2020-01-04 00:20:00,0.899336
2020-01-04 00:25:00,0.884734
2020-01-04 00:30:00,0.933149
2020-01-04 00:35:00,0.819096
2020-01-04 00:40:00,1.051159
2020-01-04 00:45:00,0.972444
2020-01-04 00:50:00,1.289365
2020-01-04 00:55:00,0.774286
2020-01-04 01:00:00,0.895279
2020-01-04 01:05:00,1.045888
2020-01-04 01:10:00,0.767406
2020-01-04 01:15:00,0.789764
2020-01-04 01:20:00,0.812550
2020-01-04 01:25:00,0.788384
2020-01-04 01:30:00,0.870794
2020-01-04 01:35:00,0.908203
2020-01-04 01:40:00,0.827821
2020-01-04 01:45:00,0.845431
2020-01-04 01:50:00,0.999496
2020-01-04 01:55:00,1.034925
2020-01-04 02:00:00,0.956385
2020-01-04 02:05:00,0.852764
2020-01-04 02:10:00,0.828994
2020-01-04 02:15:00,0.793798
2020-01-04 02:20:00,0.815772
2020-01-04 02:25:00,0.793717
2020-01-04 02:30:00,1.052483
2020-01-04 02:35:00,0.781336
2020-01-04 02:40:00,1.130960
2020-01-04 02:45:00,0.815101
2020-01-04 02:50:00,1.209180
2020-01-04 02:55:00,0.791417
2020-01-04 03:00:00,1.054623
2020-01-04 03:05:00,0.837649
2020-01-04 03:10:00,0.961138
2020-01-04 03:15:00,0.860910
2020-01-04 03:20:00,1.121340
2020-01-04 03:25:00,0.974146
2020-01-04 03:30:00,0.799986
2020-01-04 03:35:00,0.966908
2020-01-04 03:40:00,0.979900
2020-01-04 03:45:00,0.780999
2020-01-04 03:50:00,0.794728
2020-01-04 03:55:00,1.015647
2020-01-04 04:00:00,0.863367
2020-01-04 04:05:00,0.818052
2020-01-04 04:10:00,0.925136
2020-01-04 04:15:00,0.915335
2020-01-04 04:20:00,0.848185
2020-01-04 04:25:00,1.086732
2020-01-04 04:30:00,0.799406
2020-01-04 04:35:00,0.859893
2020-01-04 04:40:00,0.837018
2020-01-04 04:45:00,1.094013
2020-01-04 04:50:00,0.988365
2020-01-04 04:55:00,0.783589
2020-01-04 05:00:00,0.827345
2020-01-04 05:05:00,0.802119
2020-01-04 05:10:00,0.824327
2020-01-04 05:15:00,0.962225
2020-01-04 05:20:00,0.825372
2020-01-04 05:25:00,1.143873
2020-01-04 05:30:00,0.945589
2020-01-04 05:35:00,0.808385
2020-01-04 05:40:00,1.031490
2020-01-04 05:45:00,0.921632
2020-01-04 05:50:00,0.969400
2020-01-04 05:55:00,0.901873
2020-01-04 06:00:00,0.895464
2020-01-04 06:05:00,1.264277
2020-01-04 06:10:00,0.975815
2020-01-04 06:15:00,0.909946
2020-01-04 06:20:00,0.803873
2020-01-04 06:25:00,0.853301
2020-01-04 06:30:00,1.011787
2020-01-04 06:35:00,0.967695
2020-01-04 06:40:00,0.994841
2020-01-04 06:45:00,1.062621
2020-01-04 06:50:00,0.887188
2020-01-04 06:55:00,0.783388
2020-01-04 07:00:00,0.905279
2020-01-04 07:05:00,1.035524
2020-01-04 07:10:00,0.792237
2020-01-04 07:15:00,0.973428
2020-01-04 07:20:00,1.205478
2020-01-04 07:25:00,0.850824
2020-01-04 07:30:00,1.098748
2020-01-04 07:35:00,0.990481
2020-01-04 07:40:00,0.904497
2020-01-04 07:45:00,1.086917
2020-01-04 07:50:00,0.799146
2020-01-04 07:55:00,0.777335
2020-01-04 08:00:00,0.957593
2020-01-04 08:05:00,1.063107
2020-01-04 08:10:00,0.838155
2020-01-04 08:15:00,0.771509
2020-01-04 08:20:00,0.889347
2020-01-04 08:25:00,0.849224
2020-01-04 08:30:00,0.927520
2020-01-04 08:35:00,0.839833
2020-01-04 08:40:00,1.047782
2020-01-04 08:45:00,0.801541
2020-01-04 08:50:00,0.882384
2020-01-04 08:55:00,1.156392
2020-01-04 09:00:00,0.878506
2020-01-04 09:05:00,0.846844
2020-01-04 09:10:00,1.017820
2020-01-04 09:15:00,0.987319
2020-01-04 09:20:00,0.776807
2020-01-04 09:25:00,0.954365
2020-01-04 09:30:00,1.015463
2020-01-04 09:35:00,1.060957
2020-01-04 09:40:00,0.870219
2020-01-04 09:45:00,0.867229
2020-01-04 09:50:00,0.865110
2020-01-04 09:55:00,0.848715
2020-01-04 10:00:00,0.911721
2020-01-04 10:05:00,0.824951
2020-01-04 10:10:00,0.813566
2020-01-04 10:15:00,0.795518
2020-01-04 10:20:00,0.991442
2020-01-04 10:25:00,0.915427
2020-01-04 10:30:00,0.878885
2020-01-04 10:35:00,0.990680
2020-01-04 10:40:00,0.828311
2020-01-04 10:45:00,1.198303
2020-01-04 10:50:00,0.928536
2020-01-04 10:55:00,0.828163
2020-01-04 11:00:00,0.906564
2020-01-04 11:05:00,0.825588
2020-01-04 11:10:00,1.201830
2020-01-04 11:15:00,0.986019
2020-01-04 11:20:00,0.794878
2020-01-04 11:25:00,0.855290
2020-01-04 11:30:00,1.026457
2020-01-04 11:35:00,1.070944
2020-01-04 11:40:00,1.195077
2020-01-04 11:45:00,0.893898
2020-01-04 11:50:00,0.830336
2020-01-04 11:55:00,0.927677
2020-01-04 12:00:00,0.840795
2020-01-04 12:05:00,0.817138
2020-01-04 12:10:00,0.922188
2020-01-04 12:15:00,0.961235
2020-01-04 12:20:00,1.175226
2020-01-04 12:25:00,0.816997
2020-01-04 12:30:00,0.940562
2020-01-04 12:35:00,0.935161
2020-01-04 12:40:00,0.805795
2020-01-04 12:45:00,0.791733
2020-01-04 12:50:00,0.854274
2020-01-04 12:55:00,0.918868
2020-01-04 13:00:00,1.089279
2020-01-04 13:05:00,0.848262
2020-01-04 13:10:00,0.917327
2020-01-04 13:15:00,0.892555
2020-01-04 13:20:00,1.065153
2020-01-04 13:25:00,1.255019
2020-01-04 13:30:00,1.113356
2020-01-04 13:35:00,0.835532
2020-01-04 13:40:00,1.137930
2020-01-04 13:45:00,0.873769
2020-01-04 13:50:00,0.893553
2020-01-04 13:55:00,0.793309
2020-01-04 14:00:00,0.953559
2020-01-04 14:05:00,0.918179
2020-01-04 14:10:00,1.161764
2020-01-04 14:15:00,0.775104
2020-01-04 14:20:00,0.825661
2020-01-04 14:25:00,1.063890
2020-01-04 14:30:00,0.977178
2020-01-04 14:35:00,0.965527
2020-01-04 14:40:00,0.843107
2020-01-04 14:45:00,0.814525
2020-01-04 14:50:00,1.038963
2020-01-04 14:55:00,0.881846
2020-01-04 15:00:00,0.808457
2020-01-04 15:05:00,0.844722
2020-01-04 15:10:00,1.042097
2020-01-04 15:15:00,0.989182
2020-01-04 15:20:00,0.916941
2020-01-04 15:25:00,1.132170
2020-01-04 15:30:00,0.848660
2020-01-04 15:35:00,0.777487
2020-01-04 15:40:00,0.970397
2020-01-04 15:45:00,0.811545
2020-01-04 15:50:00,0.968720
2020-01-04 15:55:00,1.007480
2020-01-04 16:00:00,0.881782
2020-01-04 16:05:00,0.834397
2020-01-04 16:10:00,0.818257
2020-01-04 16:15:00,1.142562
2020-01-04 16:20:00,0.786082
2020-01-04 16:25:00,1.718470
2020-01-04 16:30:00,1.818008
2020-01-04 16:35:00,1.597574
2020-01-04 16:40:00,1.779642
2020-01-04 16:45:00,1.604845
2020-01-04 16:50:00,1.620332
2020-01-04 16:55:00,1.651508
2020-01-04 17:00:00,1.718368
2020-01-04 17:05:00,1.743039
2020-01-04 17:10:00,1.945020
2020-01-04 17:15:00,1.953558
2020-01-04 17:20:00,1.658461
2020-01-04 17:25:00,1.821006
2020-01-04 17:30:00,1.859917
2020-01-04 17:35:00,1.278639
2020-01-04 17:40:00,0.957727
2020-01-04 17:45:00,0.814090
2020-01-04 17:50:00,0.817787
2020-01-04 17:55:00,1.083854
2020-01-04 18:00:00,0.826709
2020-01-04 18:05:00,0.792484
2020-01-04 18:10:00,0.906415
2020-01-04 18:15:00,0.784719
2020-01-04 18:20:00,0.774368
2020-01-04 18:25:00,0.898427
2020-01-04 18:30:00,0.897242
2020-01-04 18:35:00,0.987178
2020-01-04 18:40:00,0.806274
2020-01-04 18:45:00,0.844094
2020-01-04 18:50:00,1.114536
2020-01-04 18:55:00,0.822273
2020-01-04 19:00:00,0.890093
2020-01-04 19:05:00,0.829082
2020-01-04 19:10:00,0.815146
2020-01-04 19:15:00,1.064377
2020-01-04 19:20:00,0.891763
2020-01-04 19:25:00,0.790876
2020-01-04 19:30:00,0.949130
2020-01-04 19:35:00,0.909239
2020-01-04 19:40:00,0.799393
2020-01-04 19:45:00,0.938832
2020-01-04 19:50:00,0.859461
2020-01-04 19:55:00,0.807362
2020-01-04 20:00:00,0.980755
2020-01-04 20:05:00,0.907455
2020-01-04 20:10:00,0.890127
2020-01-04 20:15:00,0.893537
2020-01-04 20:20:00,1.116728
2020-01-04 20:25:00,0.840991
2020-01-04 20:30:00,1.060191
2020-01-04 20:35:00,0.950078
2020-01-04 20:40:00,1.131513
2020-01-04 20:45:00,0.907725
2020-01-04 20:50:00,0.837143
2020-01-04 20:55:00,1.111537
2020-01-04 21:00:00,0.863581
2020-01-04 21:05:00,0.972971
2020-01-04 21:10:00,0.804846
2020-01-04 21:15:00,0.789059
2020-01-04 21:20:00,0.784676
2020-01-04 21:25:00,0.816999
2020-01-04 21:30:00,0.901837
2020-01-04 21:35:00,0.822446
2020-01-04 21:40:00,1.035019
2020-01-04 21:45:00,0.817346
2020-01-04 21:50:00,1.070425
2020-01-04 21:55:00,0.820103
2020-01-04 22:00:00,1.075630
2020-01-04 22:05:00,0.892339
2020-01-04 22:10:00,0.860246
2020-01-04 22:15:00,1.058756
2020-01-04 22:20:00,0.782469
2020-01-04 22:25:00,0.821992
2020-01-04 22:30:00,1.027660
2020-01-04 22:35:00,1.173919
2020-01-04 22:40:00,0.998629
2020-01-04 22:45:00,0.980155
2020-01-04 22:50:00,0.910164
2020-01-04 22:55:00,0.912569
2020-01-04 23:00:00,0.931304
2020-01-04 23:05:00,1.043856
2020-01-04 23:10:00,0.963757
2020-01-04 23:15:00,0.966297
2020-01-04 23:20:00,1.024649
2020-01-04 23:25:00,0.891725
2020-01-04 23:30:00,0.817527
2020-01-04 23:35:00,0.916272
2020-01-04 23:40:00,0.812004
2020-01-04 23:45:00,1.203153
2020-01-04 23:50:00,0.824218
2020-01-04 23:55:00,0.884869
2020-01-05 00:00:00,0.971078
2020-01-05 00:05:00,1.132354
2020-01-05 00:10:00,0.772950
2020-01-05 00:15:00,1.091619
2020-01-05 00:20:00,0.845755
2020-01-05 00:25:00,1.165691
2020-01-05 00:30:00,1.009910
2020-01-05 00:35:00,0.813513
2020-01-05 00:40:00,0.998655
2020-01-05 00:45:00,0.815644
2020-01-05 00:50:00,0.803590
2020-01-05 00:55:00,1.037167
2020-01-05 01:00:00,0.813314
2020-01-05 01:05:00,0.868035
2020-01-05 01:10:00,0.806585
2020-01-05 01:15:00,0.948727
2020-01-05 01:20:00,0.887557
2020-01-05 01:25:00,0.810406
2020-01-05 01:30:00,0.781592
2020-01-05 01:35:00,0.884879
2020-01-05 01:40:00,0.803029
2020-01-05 01:45:00,0.815299
2020-01-05 01:50:00,1.050191
2020-01-05 01:55:00,1.045278
2020-01-05 02:00:00,0.845547
2020-01-05 02:05:00,0.827657
2020-01-05 02:10:00,1.060721
2020-01-05 02:15:00,0.838505
2020-01-05 02:20:00,0.818430
2020-01-05 02:25:00,0.795737
2020-01-05 02:30:00,0.935957
2020-01-05 02:35:00,0.976278
2020-01-05 02:40:00,0.876534
2020-01-05 02:45:00,0.925239
2020-01-05 02:50:00,0.933331
2020-01-05 02:55:00,0.859279
2020-01-05 03:00:00,0.936899
2020-01-05 03:05:00,0.885766
2020-01-05 03:10:00,0.925386
2020-01-05 03:15:00,0.928802
2020-01-05 03:20:00,0.782641
2020-01-05 03:25:00,1.023554
2020-01-05 03:30:00,0.792636
2020-01-05 03:35:00,0.783842
2020-01-05 03:40:00,0.999635
2020-01-05 03:45:00,0.814875
2020-01-05 03:50:00,0.789744
2020-01-05 03:55:00,0.943101
2020-01-05 04:00:00,0.847787
2020-01-05 04:05:00,0.809123
2020-01-05 04:10:00,1.054381
2020-01-05 04:15:00,1.088177
2020-01-05 04:20:00,0.919822
2020-01-05 04:25:00,1.077772
2020-01-05 04:30:00,1.021679
2020-01-05 04:35:00,0.938694
2020-01-05 04:40:00,0.835330
2020-01-05 04:45:00,0.781758
2020-01-05 04:50:00,0.853096
2020-01-05 04:55:00,0.828088
2020-01-05 05:00:00,1.037737
2020-01-05 05:05:00,0.940711
2020-01-05 05:10:00,0.878577
2020-01-05 05:15:00,0.967189
2020-01-05 05:20:00,0.825637
2020-01-05 05:25:00,0.854463
2020-01-05 05:30:00,0.847225
2020-01-05 05:35:00,0.914503
2020-01-05 05:40:00,1.333791
2020-01-05 05:45:00,0.850021
2020-01-05 05:50:00,0.984660
2020-01-05 05:55:00,1.075893
2020-01-05 06:00:00,1.057263
2020-01-05 06:05:00,1.075962
2020-01-05 06:10:00,0.817830
2020-01-05 06:15:00,0.899885
2020-01-05 06:20:00,0.800155
2020-01-05 06:25:00,0.906435
2020-01-05 06:30:00,0.896586
2020-01-05 06:35:00,0.788079
2020-01-05 06:40:00,0.900452
2020-01-05 06:45:00,1.118313
2020-01-05 06:50:00,0.937642
2020-01-05 06:55:00,0.868423
2020-01-05 07:00:00,0.832487
2020-01-05 07:05:00,0.867987
2020-01-05 07:10:00,1.039267
2020-01-05 07:15:00,1.152373
2020-01-05 07:20:00,1.100965
2020-01-05 07:25:00,0.772386
2020-01-05 07:30:00,0.807501
2020-01-05 07:35:00,0.789909
2020-01-05 07:40:00,1.003342
2020-01-05 07:45:00,0.891727
2020-01-05 07:50:00,0.912218
2020-01-05 07:55:00,1.085975
2020-01-05 08:00:00,0.810108
2020-01-05 08:05:00,0.877067
2020-01-05 08:10:00,0.883395
2020-01-05 08:15:00,1.080405
2020-01-05 08:20:00,1.115233
2020-01-05 08:25:00,0.935634
2020-01-05 08:30:00,0.823284
2020-01-05 08:35:00,1.116014
2020-01-05 08:40:00,1.063025
2020-01-05 08:45:00,0.798803
2020-01-05 08:50:00,0.786833
2020-01-05 08:55:00,1.060572
2020-01-05 09:00:00,0.900424
2020-01-05 09:05:00,1.043141
2020-01-05 09:10:00,0.833160
2020-01-05 09:15:00,0.784719
2020-01-05 09:20:00,0.884565
2020-01-05 09:25:00,0.774269
2020-01-05 09:30:00,0.832087
2020-01-05 09:35:00,0.801732
2020-01-05 09:40:00,0.928906
2020-01-05 09:45:00,1.149146
2020-01-05 09:50:00,0.889693
2020-01-05 09:55:00,0.992947
2020-01-05 10:00:00,0.904897
2020-01-05 10:05:00,0.790082
2020-01-05 10:10:00,0.970686
2020-01-05 10:15:00,0.862931
2020-01-05 10:20:00,0.841409
2020-01-05 10:25:00,1.000729
2020-01-05 10:30:00,0.821605
2020-01-05 10:35:00,1.011818
2020-01-05 10:40:00,0.828922
2020-01-05 10:45:00,0.966690
2020-01-05 10:50:00,0.855279
2020-01-05 10:55:00,1.218759
2020-01-05 11:00:00,0.877384
2020-01-05 11:05:00,0.954933
2020-01-05 11:10:00,1.003233
2020-01-05 11:15:00,1.005777
2020-01-05 11:20:00,0.783791
2020-01-05 11:25:00,1.012507
2020-01-05 11:30:00,1.033736
2020-01-05 11:35:00,0.768257
2020-01-05 11:40:00,0.835508
2020-01-05 11:45:00,0.808192
2020-01-05 11:50:00,1.050451
2020-01-05 11:55:00,0.899566
2020-01-05 12:00:00,1.001470
2020-01-05 12:05:00,1.120257
2020-01-05 12:10:00,0.912544
2020-01-05 12:15:00,1.006567
2020-01-05 12:20:00,0.787468
2020-01-05 12:25:00,0.955597
2020-01-05 12:30:00,0.894789
2020-01-05 12:35:00,0.944945
2020-01-05 12:40:00,0.770574
2020-01-05 12:45:00,0.886023
2020-01-05 12:50:00,1.101474
2020-01-05 12:55:00,1.131402
2020-01-05 13:00:00,0.773655
2020-01-05 13:05:00,0.774660
2020-01-05 13:10:00,1.063999
2020-01-05 13:15:00,0.931663
2020-01-05 13:20:00,0.911551
2020-01-05 13:25:00,0.986842
2020-01-05 13:30:00,1.007446
2020-01-05 13:35:00,1.062227
2020-01-05 13:40:00,0.949520
2020-01-05 13:45:00,0.842973
2020-01-05 13:50:00,0.861651
2020-01-05 13:55:00,0.875536
2020-01-05 14:00:00,0.915301
2020-01-05 14:05:00,1.088516
2020-01-05 14:10:00,0.968213
2020-01-05 14:15:00,0.776613
2020-01-05 14:20:00,0.897228
2020-01-05 14:25:00,0.791118
2020-01-05 14:30:00,0.916599
2020-01-05 14:35:00,1.018288
2020-01-05 14:40:00,0.768658
2020-01-05 14:45:00,0.940487
2020-01-05 14:50:00,0.869674
2020-01-05 14:55:00,0.991402
2020-01-05 15:00:00,0.900756
2020-01-05 15:05:00,0.909746
2020-01-05 15:10:00,0.926921
2020-01-05 15:15:00,0.776496
2020-01-05 15:20:00,0.861533
2020-01-05 15:25:00,0.809669
2020-01-05 15:30:00,0.803641
2020-01-05 15:35:00,0.795127
2020-01-05 15:40:00,0.885178
2020-01-05 15:45:00,0.975436
2020-01-05 15:50:00,0.898958
2020-01-05 15:55:00,0.991113
2020-01-05 16:00:00,0.802293
2020-01-05 16:05:00,1.099500
2020-01-05 16:10:00,0.912275
2020-01-05 16:15:00,0.846971
2020-01-05 16:20:00,0.852922
2020-01-05 16:25:00,0.804020
2020-01-05 16:30:00,0.823175
2020-01-05 16:35:00,0.773388
2020-01-05 16:40:00,0.962960
2020-01-05 16:45:00,0.871396
2020-01-05 16:50:00,0.770243
2020-01-05 16:55:00,1.250708
2020-01-05 17:00:00,0.844833
2020-01-05 17:05:00,1.012541
2020-01-05 17:10:00,1.049077
2020-01-05 17:15:00,0.788724
2020-01-05 17:20:00,0.892676
2020-01-05 17:25:00,0.801874
2020-01-05 17:30:00,0.816975
2020-01-05 17:35:00,1.116589
2020-01-05 17:40:00,0.947291
2020-01-05 17:45:00,0.810824
2020-01-05 17:50:00,0.868526
2020-01-05 17:55:00,1.075309
2020-01-05 18:00:00,0.801230
2020-01-05 18:05:00,0.926385
2020-01-05 18:10:00,0.852850
2020-01-05 18:15:00,0.789407
2020-01-05 18:20:00,0.901047
2020-01-05 18:25:00,0.914466
2020-01-05 18:30:00,0.975824
2020-01-05 18:35:00,1.132036
2020-01-05 18:40:00,0.902514
2020-01-05 18:45:00,0.883349
2020-01-05 18:50:00,0.881170
2020-01-05 18:55:00,0.899500
2020-01-05 19:00:00,0.854198
2020-01-05 19:05:00,0.773793
2020-01-05 19:10:00,0.908476
2020-01-05 19:15:00,0.810344
2020-01-05 19:20:00,0.964301
2020-01-05 19:25:00,0.788984
2020-01-05 19:30:00,0.897485
2020-01-05 19:35:00,0.982855
2020-01-05 19:40:00,1.064489
2020-01-05 19:45:00,1.160774
2020-01-05 19:50:00,0.797270
2020-01-05 19:55:00,0.865800
2020-01-05 20:00:00,0.999956
2020-01-05 20:05:00,0.958624
2020-01-05 20:10:00,0.949189
2020-01-05 20:15:00,0.883131
2020-01-05 20:20:00,0.813131
2020-01-05 20:25:00,0.840551
2020-01-05 20:30:00,0.826419
2020-01-05 20:35:00,1.059924
2020-01-05 20:40:00,1.077916
2020-01-05 20:45:00,0.911231
2020-01-05 20:50:00,0.882962
2020-01-05 20:55:00,0.970883
2020-01-05 21:00:00,0.901507
2020-01-05 21:05:00,1.045103
2020-01-05 21:10:00,1.056020
2020-01-05 21:15:00,1.078234
2020-01-05 21:20:00,0.829102
2020-01-05 21:25:00,0.963500
2020-01-05 21:30:00,0.790414
2020-01-05 21:35:00,1.002715
2020-01-05 21:40:00,0.769993
2020-01-05 21:45:00,0.912901
2020-01-05 21:50:00,0.927951
2020-01-05 21:55:00,0.770327
2020-01-05 22:00:00,0.837386
2020-01-05 22:05:00,0.807778
2020-01-05 22:10:00,0.955958
2020-01-05 22:15:00,0.883583
2020-01-05 22:20:00,0.896162
2020-01-05 22:25:00,0.962636
2020-01-05 22:30:00,0.929875
2020-01-05 22:35:00,0.989734
2020-01-05 22:40:00,0.779354
2020-01-05 22:45:00,0.923434
2020-01-05 22:50:00,0.769761
2020-01-05 22:55:00,1.154442
2020-01-05 23:00:00,1.159082
2020-01-05 23:05:00,1.031836
2020-01-05 23:10:00,0.977965
2020-01-05 23:15:00,0.901809
2020-01-05 23:20:00,0.830859
2020-01-05 23:25:00,0.951769
2020-01-05 23:30:00,0.835944
2020-01-05 23:35:00,0.851916
2020-01-05 23:40:00,0.830181
2020-01-05 23:45:00,0.865700
2020-01-05 23:50:00,0.935074
2020-01-05 23:55:00,0.903429
2020-01-06 00:00:00,0.899008
2020-01-06 00:05:00,0.940956
2020-01-06 00:10:00,0.867324
2020-01-06 00:15:00,0.969764
2020-01-06 00:20:00,0.864465
2020-01-06 00:25:00,0.995014
2020-01-06 00:30:00,1.151499
2020-01-06 00:35:00,1.107619
2020-01-06 00:40:00,0.971215
2020-01-06 00:45:00,1.105702
2020-01-06 00:50:00,0.879214
2020-01-06 00:55:00,0.828214
2020-01-06 01:00:00,0.878438
2020-01-06 01:05:00,0.881383
2020-01-06 01:10:00,1.028786
2020-01-06 01:15:00,0.983933
2020-01-06 01:20:00,0.872797
2020-01-06 01:25:00,0.793554
2020-01-06 01:30:00,0.952819
2020-01-06 01:35:00,0.923587
2020-01-06 01:40:00,1.101434
2020-01-06 01:45:00,0.835042
2020-01-06 01:50:00,0.936146
2020-01-06 01:55:00,0.837997
2020-01-06 02:00:00,0.977645
2020-01-06 02:05:00,0.947888
2020-01-06 02:10:00,0.835354
2020-01-06 02:15:00,0.894824
2020-01-06 02:20:00,1.141829
2020-01-06 02:25:00,1.063247
2020-01-06 02:30:00,0.987099
2020-01-06 02:35:00,0.914910
2020-01-06 02:40:00,1.013325
2020-01-06 02:45:00,0.930242
2020-01-06 02:50:00,0.912546
2020-01-06 02:55:00,1.150297
2020-01-06 03:00:00,0.776560
2020-01-06 03:05:00,1.020733
2020-01-06 03:10:00,0.877222
2020-01-06 03:15:00,0.795463
2020-01-06 03:20:00,0.906175
2020-01-06 03:25:00,0.968983
2020-01-06 03:30:00,0.828448
2020-01-06 03:35:00,0.900456
2020-01-06 03:40:00,1.047749
2020-01-06 03:45:00,0.849136
2020-01-06 03:50:00,0.894917
2020-01-06 03:55:00,0.940174
2020-01-06 04:00:00,0.803228
2020-01-06 04:05:00,0.802210
2020-01-06 04:10:00,0.856685
2020-01-06 04:15:00,0.797695
2020-01-06 04:20:00,0.854894
2020-01-06 04:25:00,0.924985
2020-01-06 04:30:00,0.856446
2020-01-06 04:35:00,0.996137
2020-01-06 04:40:00,0.776810
2020-01-06 04:45:00,1.014785
2020-01-06 04:50:00,0.806828
2020-01-06 04:55:00,1.039615
2020-01-06 05:00:00,2.815382
2020-01-06 05:05:00,3.177584
2020-01-06 05:10:00,2.675290
2020-01-06 05:15:00,2.884515
2020-01-06 05:20:00,2.914210
2020-01-06 05:25:00,2.699297
2020-01-06 05:30:00,2.734362
2020-01-06 05:35:00,2.849620
2020-01-06 05:40:00,2.808188
2020-01-06 05:45:00,2.827583
2020-01-06 05:50:00,2.905233
2020-01-06 05:55:00,2.853329
2020-01-06 06:00:00,2.807131
2020-01-06 06:05:00,0.772609
2020-01-06 06:10:00,1.046290
2020-01-06 06:15:00,0.956148
2020-01-06 06:20:00,0.810609
2020-01-06 06:25:00,0.902067
2020-01-06 06:30:00,1.004594
2020-01-06 06:35:00,0.942342
2020-01-06 06:40:00,0.920864
2020-01-06 06:45:00,0.896360
2020-01-06 06:50:00,0.800371
2020-01-06 06:55:00,0.903596
2020-01-06 07:00:00,0.799190
2020-01-06 07:05:00,0.863057
2020-01-06 07:10:00,0.960805
2020-01-06 07:15:00,0.854090
2020-01-06 07:20:00,0.804285
2020-01-06 07:25:00,0.990036
2020-01-06 07:30:00,0.802309
2020-01-06 07:35:00,1.160476
2020-01-06 07:40:00,0.978632
2020-01-06 07:45:00,0.945156
2020-01-06 07:50:00,0.793368
2020-01-06 07:55:00,0.881252
2020-01-06 08:00:00,0.917548
2020-01-06 08:05:00,0.807814
2020-01-06 08:10:00,0.841354
2020-01-06 08:15:00,0.778518
2020-01-06 08:20:00,0.974989
2020-01-06 08:25:00,0.890677
2020-01-06 08:30:00,1.030800
2020-01-06 08:35:00,1.069359
2020-01-06 08:40:00,0.864350
2020-01-06 08:45:00,0.941321
2020-01-06 08:50:00,1.169826
2020-01-06 08:55:00,1.049050
2020-01-06 09:00:00,1.050143
2020-01-06 09:05:00,0.845551
2020-01-06 09:10:00,0.917826
2020-01-06 09:15:00,0.966290
2020-01-06 09:20:00,1.163075
2020-01-06 09:25:00,0.895597
2020-01-06 09:30:00,0.799433
2020-01-06 09:35:00,0.864762
2020-01-06 09:40:00,0.993264
2020-01-06 09:45:00,0.853910
2020-01-06 09:50:00,0.826106
2020-01-06 09:55:00,0.787095
2020-01-06 10:00:00,0.857508
2020-01-06 10:05:00,0.908643
2020-01-06 10:10:00,0.916621
2020-01-06 10:15:00,0.889705
2020-01-06 10:20:00,0.809510
2020-01-06 10:25:00,0.806729
2020-01-06 10:30:00,0.999797
2020-01-06 10:35:00,0.866319
2020-01-06 10:40:00,0.876839
2020-01-06 10:45:00,0.968618
2020-01-06 10:50:00,0.800305
2020-01-06 10:55:00,0.956560
2020-01-06 11:00:00,0.835298
2020-01-06 11:05:00,0.926347
2020-01-06 11:10:00,0.887906
2020-01-06 11:15:00,0.773544
2020-01-06 11:20:00,0.779077
2020-01-06 11:25:00,1.142160
2020-01-06 11:30:00,0.884311
2020-01-06 11:35:00,0.787197
2020-01-06 11:40:00,0.891594
2020-01-06 11:45:00,0.850030
2020-01-06 11:50:00,0.926393
2020-01-06 11:55:00,1.135696
2020-01-06 12:00:00,1.070108
2020-01-06 12:05:00,0.862644
2020-01-06 12:10:00,1.001522
2020-01-06 12:15:00,1.032292
2020-01-06 12:20:00,0.928524
2020-01-06 12:25:00,0.771475
2020-01-06 12:30:00,0.940910
2020-01-06 12:35:00,0.822835
2020-01-06 12:40:00,0.887754
2020-01-06 12:45:00,0.777364
2020-01-06 12:50:00,0.868316
2020-01-06 12:55:00,0.827568
2020-01-06 13:00:00,0.884175
2020-01-06 13:05:00,0.774559
2020-01-06 13:10:00,0.929844
2020-01-06 13:15:00,0.942217
2020-01-06 13:20:00,1.043326
2020-01-06 13:25:00,0.828919
2020-01-06 13:30:00,0.803407
2020-01-06 13:35:00,0.782063
2020-01-06 13:40:00,0.859564
2020-01-06 13:45:00,0.909404
2020-01-06 13:50:00,0.927437
2020-01-06 13:55:00,0.803305
2020-01-06 14:00:00,0.882459
2020-01-06 14:05:00,0.900340
2020-01-06 14:10:00,0.955397
2020-01-06 14:15:00,0.907835
2020-01-06 14:20:00,0.901756
2020-01-06 14:25:00,0.825528
2020-01-06 14:30:00,0.778931
2020-01-06 14:35:00,0.931730
2020-01-06 14:40:00,1.213161
2020-01-06 14:45:00,0.930424
2020-01-06 14:50:00,0.856631
2020-01-06 14:55:00,0.795294
2020-01-06 15:00:00,1.096713
2020-01-06 15:05:00,0.893412
2020-01-06 15:10:00,1.020547
2020-01-06 15:15:00,1.113602
2020-01-06 15:20:00,0.841400
2020-01-06 15:25:00,0.985785
2020-01-06 15:30:00,0.995638
2020-01-06 15:35:00,0.838640
2020-01-06 15:40:00,0.778282
2020-01-06 15:45:00,0.879721
2020-01-06 15:50:00,0.799997
2020-01-06 15:55:00,0.944437
2020-01-06 16:00:00,0.959904
2020-01-06 16:05:00,1.160712
2020-01-06 16:10:00,0.894699
2020-01-06 16:15:00,1.026455
2020-01-06 16:20:00,0.951387
2020-01-06 16:25:00,1.007228
2020-01-06 16:30:00,0.847246
2020-01-06 16:35:00,0.945891
2020-01-06 16:40:00,0.828160
2020-01-06 16:45:00,0.990808
2020-01-06 16:50:00,0.898881
2020-01-06 16:55:00,0.913320
2020-01-06 17:00:00,0.852188
2020-01-06 17:05:00,0.922624
2020-01-06 17:10:00,0.866320
2020-01-06 17:15:00,0.991136
2020-01-06 17:20:00,0.976206
2020-01-06 17:25:00,1.003434
2020-01-06 17:30:00,1.091254
2020-01-06 17:35:00,0.952098
2020-01-06 17:40:00,0.818048
2020-01-06 17:45:00,0.867565
2020-01-06 17:50:00,0.916046
2020-01-06 17:55:00,0.801226
2020-01-06 18:00:00,0.887342
2020-01-06 18:05:00,0.913316
2020-01-06 18:10:00,0.956473
2020-01-06 18:15:00,0.829248
2020-01-06 18:20:00,1.081722
2020-01-06 18:25:00,0.950286
2020-01-06 18:30:00,1.150068
2020-01-06 18:35:00,0.859238
2020-01-06 18:40:00,0.810669
2020-01-06 18:45:00,0.814154
2020-01-06 18:50:00,0.907331
2020-01-06 18:55:00,0.835207
2020-01-06 19:00:00,0.897949
2020-01-06 19:05:00,0.964905
2020-01-06 19:10:00,1.037932
2020-01-06 19:15:00,0.894088
2020-01-06 19:20:00,0.876892
2020-01-06 19:25:00,1.003723
2020-01-06 19:30:00,0.783442
2020-01-06 19:35:00,1.001928
2020-01-06 19:40:00,0.785905
2020-01-06 19:45:00,0.992914
2020-01-06 19:50:00,0.846450
2020-01-06 19:55:00,1.033043
2020-01-06 20:00:00,0.935437
2020-01-06 20:05:00,0.934717
2020-01-06 20:10:00,0.773184
2020-01-06 20:15:00,0.931248
2020-01-06 20:20:00,0.804479
2020-01-06 20:25:00,0.779149
2020-01-06 20:30:00,0.970753
2020-01-06 20:35:00,0.774826
2020-01-06 20:40:00,0.972710
2020-01-06 20:45:00,0.824613
2020-01-06 20:50:00,0.827239
2020-01-06 20:55:00,1.228021
2020-01-06 21:00:00,1.082574
2020-01-06 21:05:00,0.799943
2020-01-06 21:10:00,1.029463
2020-01-06 21:15:00,0.929301
2020-01-06 21:20:00,0.957862
2020-01-06 21:25:00,0.799858
2020-01-06 21:30:00,0.771363
2020-01-06 21:35:00,0.834500
2020-01-06 21:40:00,0.910548
2020-01-06 21:45:00,0.773714
2020-01-06 21:50:00,0.890245
2020-01-06 21:55:00,1.047168
2020-01-06 22:00:00,0.826544
2020-01-06 22:05:00,0.998497
2020-01-06 22:10:00,0.991579
2020-01-06 22:15:00,1.067653
2020-01-06 22:20:00,0.987214
2020-01-06 22:25:00,1.100926
2020-01-06 22:30:00,1.041258
2020-01-06 22:35:00,1.080985
2020-01-06 22:40:00,1.096974
2020-01-06 22:45:00,0.847378
2020-01-06 22:50:00,0.782869
2020-01-06 22:55:00,0.786904
2020-01-06 23:00:00,0.776322
2020-01-06 23:05:00,1.035400
2020-01-06 23:10:00,0.853264
2020-01-06 23:15:00,0.991119
2020-01-06 23:20:00,1.057622
2020-01-06 23:25:00,1.033992
2020-01-06 23:30:00,0.793868
2020-01-06 23:35:00,0.910649
2020-01-06 23:40:00,0.837585
2020-01-06 23:45:00,0.934266
2020-01-06 23:50:00,0.928874
2020-01-06 23:55:00,0.957138
2020-01-07 00:00:00,0.772068
2020-01-07 00:05:00,0.915961
2020-01-07 00:10:00,0.919755
2020-01-07 00:15:00,0.833342
2020-01-07 00:20:00,1.021017
2020-01-07 00:25:00,0.959741
2020-01-07 00:30:00,0.834985
2020-01-07 00:35:00,0.882596
2020-01-07 00:40:00,0.839663
2020-01-07 00:45:00,0.937422
2020-01-07 00:50:00,0.859115
2020-01-07 00:55:00,0.952396
2020-01-07 01:00:00,0.789632
2020-01-07 01:05:00,0.898822
2020-01-07 01:10:00,0.899400
2020-01-07 01:15:00,0.864920
2020-01-07 01:20:00,0.875198
2020-01-07 01:25:00,0.866070
2020-01-07 01:30:00,0.775599
2020-01-07 01:35:00,1.032079
2020-01-07 01:40:00,0.782315
2020-01-07 01:45:00,0.799685
2020-01-07 01:50:00,0.778498
2020-01-07 01:55:00,0.845827
2020-01-07 02:00:00,1.158009
2020-01-07 02:05:00,0.912247
2020-01-07 02:10:00,1.001869
2020-01-07 02:15:00,0.962646
2020-01-07 02:20:00,0.828477
2020-01-07 02:25:00,0.770124
2020-01-07 02:30:00,1.161936
2020-01-07 02:35:00,0.890211
2020-01-07 02:40:00,0.893620
2020-01-07 02:45:00,0.838983
2020-01-07 02:50:00,0.867392
2020-01-07 02:55:00,1.181859
2020-01-07 03:00:00,0.775789
2020-01-07 03:05:00,0.795775
2020-01-07 03:10:00,1.094998
2020-01-07 03:15:00,0.911848
2020-01-07 03:20:00,0.789717
2020-01-07 03:25:00,0.855165
2020-01-07 03:30:00,0.825423
2020-01-07 03:35:00,0.827956
2020-01-07 03:40:00,0.868749
2020-01-07 03:45:00,0.860092
2020-01-07 03:50:00,0.810929
2020-01-07 03:55:00,0.834260
2020-01-07 04:00:00,0.808117
2020-01-07 04:05:00,0.960251
2020-01-07 04:10:00,0.779091
2020-01-07 04:15:00,0.783252
2020-01-07 04:20:00,0.768229
2020-01-07 04:25:00,0.971020
2020-01-07 04:30:00,0.853793
2020-01-07 04:35:00,1.090892
2020-01-07 04:40:00,0.894617
2020-01-07 04:45:00,0.982921
2020-01-07 04:50:00,0.847764
2020-01-07 04:55:00,0.943145
2020-01-07 05:00:00,0.916036
2020-01-07 05:05:00,1.107222
2020-01-07 05:10:00,0.798037
2020-01-07 05:15:00,1.232100
2020-01-07 05:20:00,0.909493
2020-01-07 05:25:00,0.888752
2020-01-07 05:30:00,0.864933
2020-01-07 05:35:00,0.988792
2020-01-07 05:40:00,1.196309
2020-01-07 05:45:00,0.792253
2020-01-07 05:50:00,0.864269
2020-01-07 05:55:00,1.005451
2020-01-07 06:00:00,0.911517
2020-01-07 06:05:00,0.946674
2020-01-07 06:10:00,0.844615
2020-01-07 06:15:00,0.970383
2020-01-07 06:20:00,0.766985
2020-01-07 06:25:00,0.838544
2020-01-07 06:30:00,1.020797
2020-01-07 06:35:00,0.855716
2020-01-07 06:40:00,0.869089
2020-01-07 06:45:00,1.169162
2020-01-07 06:50:00,0.977841
2020-01-07 06:55:00,1.401270
2020-01-07 07:00:00,0.846568
2020-01-07 07:05:00,0.808943
2020-01-07 07:10:00,1.151597
2020-01-07 07:15:00,1.007634
2020-01-07 07:20:00,0.798364
2020-01-07 07:25:00,1.079540
2020-01-07 07:30:00,0.862698
2020-01-07 07:35:00,1.009857
2020-01-07 07:40:00,0.793910
2020-01-07 07:45:00,0.880968
2020-01-07 07:50:00,1.134010
2020-01-07 07:55:00,0.833272
2020-01-07 08:00:00,0.821628
2020-01-07 08:05:00,0.936224
2020-01-07 08:10:00,0.908765
2020-01-07 08:15:00,0.850395
2020-01-07 08:20:00,0.787506
2020-01-07 08:25:00,1.489772
2020-01-07 08:30:00,1.224045
2020-01-07 08:35:00,0.835179
2020-01-07 08:40:00,1.121023
2020-01-07 08:45:00,0.802070
2020-01-07 08:50:00,0.800684
2020-01-07 08:55:00,0.829403
2020-01-07 09:00:00,0.812683
2020-01-07 09:05:00,0.780481
2020-01-07 09:10:00,1.031021
2020-01-07 09:15:00,0.776300
2020-01-07 09:20:00,0.886698
2020-01-07 09:25:00,0.909747
2020-01-07 09:30:00,0.784232
2020-01-07 09:35:00,0.838261
2020-01-07 09:40:00,1.003708
2020-01-07 09:45:00,0.875968
2020-01-07 09:50:00,0.876126
2020-01-07 09:55:00,0.910468
2020-01-07 10:00:00,0.949158
2020-01-07 10:05:00,0.812891
2020-01-07 10:10:00,1.014265
2020-01-07 10:15:00,1.037952
2020-01-07 10:20:00,0.887118
2020-01-07 10:25:00,0.802567
2020-01-07 10:30:00,0.879594
2020-01-07 10:35:00,1.009676
2020-01-07 10:40:00,1.007927
2020-01-07 10:45:00,0.846761
2020-01-07 10:50:00,0.816295
2020-01-07 10:55:00,0.917057
2020-01-07 11:00:00,0.772643
2020-01-07 11:05:00,0.998267
2020-01-07 11:10:00,0.972481
2020-01-07 11:15:00,1.310662
2020-01-07 11:20:00,0.968964
2020-01-07 11:25:00,1.195184
2020-01-07 11:30:00,0.961667
2020-01-07 11:35:00,0.774660
2020-01-07 11:40:00,1.091786
2020-01-07 11:45:00,0.961972
2020-01-07 11:50:00,0.968993
2020-01-07 11:55:00,0.795288
2020-01-07 12:00:00,0.833610
2020-01-07 12:05:00,0.875928
2020-01-07 12:10:00,0.869369
2020-01-07 12:15:00,1.036697
2020-01-07 12:20:00,0.843031
2020-01-07 12:25:00,1.004281
2020-01-07 12:30:00,0.781530
2020-01-07 12:35:00,0.810604
2020-01-07 12:40:00,0.857562
2020-01-07 12:45:00,1.012133
2020-01-07 12:50:00,0.872571
2020-01-07 12:55:00,0.805569
2020-01-07 13:00:00,0.903406
2020-01-07 13:05:00,1.003414
2020-01-07 13:10:00,0.969169
2020-01-07 13:15:00,0.834865
2020-01-07 13:20:00,1.025519
2020-01-07 13:25:00,1.325276
2020-01-07 13:30:00,1.081629
2020-01-07 13:35:00,0.852275
2020-01-07 13:40:00,0.830259
2020-01-07 13:45:00,0.880324
2020-01-07 13:50:00,1.032910
2020-01-07 13:55:00,0.899323
2020-01-07 14:00:00,0.942994
2020-01-07 14:05:00,0.961055
2020-01-07 14:10:00,0.871494
2020-01-07 14:15:00,1.091010
2020-01-07 14:20:00,1.044395
2020-01-07 14:25:00,0.826528
2020-01-07 14:30:00,0.812017
2020-01-07 14:35:00,1.132212
2020-01-07 14:40:00,0.979510
2020-01-07 14:45:00,0.804946
2020-01-07 14:50:00,0.775586
2020-01-07 14:55:00,1.020626
2020-01-07 15:00:00,0.996093
2020-01-07 15:05:00,0.893243
2020-01-07 15:10:00,0.964654
2020-01-07 15:15:00,0.809653
2020-01-07 15:20:00,0.833331
2020-01-07 15:25:00,1.069660
2020-01-07 15:30:00,0.905911
2020-01-07 15:35:00,0.767499
2020-01-07 15:40:00,0.984132
2020-01-07 15:45:00,1.167127
2020-01-07 15:50:00,0.998454
2020-01-07 15:55:00,0.869476
2020-01-07 16:00:00,0.780575
2020-01-07 16:05:00,1.122172
2020-01-07 16:10:00,1.089247
2020-01-07 16:15:00,0.838648
2020-01-07 16:20:00,1.107829
2020-01-07 16:25:00,0.883881
2020-01-07 16:30:00,0.906249
2020-01-07 16:35:00,0.860715
2020-01-07 16:40:00,0.832371
2020-01-07 16:45:00,1.138581
2020-01-07 16:50:00,0.811712
2020-01-07 16:55:00,0.958647
2020-01-07 17:00:00,0.949825
2020-01-07 17:05:00,0.919939
2020-01-07 17:10:00,0.802029
2020-01-07 17:15:00,0.876674
2020-01-07 17:20:00,0.884941
2020-01-07 17:25:00,0.831183
2020-01-07 17:30:00,0.803935
2020-01-07 17:35:00,0.884245
2020-01-07 17:40:00,0.832342
2020-01-07 17:45:00,0.859156
2020-01-07 17:50:00,1.013787
2020-01-07 17:55:00,0.985877
2020-01-07 18:00:00,1.020417
2020-01-07 18:05:00,0.941344
2020-01-07 18:10:00,0.791583
2020-01-07 18:15:00,0.967712
2020-01-07 18:20:00,0.794385
2020-01-07 18:25:00,0.858032
2020-01-07 18:30:00,1.189787
2020-01-07 18:35:00,1.059885
2020-01-07 18:40:00,0.877213
2020-01-07 18:45:00,0.898571
2020-01-07 18:50:00,0.946290
2020-01-07 18:55:00,0.822877
2020-01-07 19:00:00,0.809535
2020-01-07 19:05:00,1.111103
2020-01-07 19:10:00,1.031976
2020-01-07 19:15:00,0.773785
2020-01-07 19:20:00,0.886745
2020-01-07 19:25:00,0.780605
2020-01-07 19:30:00,1.023488
2020-01-07 19:35:00,0.997682
2020-01-07 19:40:00,0.911828
2020-01-07 19:45:00,0.965931
2020-01-07 19:50:00,0.928267
2020-01-07 19:55:00,1.020059
2020-01-07 20:00:00,0.905129
2020-01-07 20:05:00,0.837337
2020-01-07 20:10:00,0.805205
2020-01-07 20:15:00,0.820910
2020-01-07 20:20:00,1.014058
2020-01-07 20:25:00,0.841077
2020-01-07 20:30:00,1.048437
2020-01-07 20:35:00,0.798898
2020-01-07 20:40:00,1.135139
2020-01-07 20:45:00,0.972437
2020-01-07 20:50:00,1.098476
2020-01-07 20:55:00,1.080860
2020-01-07 21:00:00,0.851480
2020-01-07 21:05:00,0.825735
2020-01-07 21:10:00,0.818639
2020-01-07 21:15:00,0.853018
2020-01-07 21:20:00,0.839207
2020-01-07 21:25:00,0.808343
2020-01-07 21:30:00,0.810554
2020-01-07 21:35:00,0.993735
2020-01-07 21:40:00,0.990856
2020-01-07 21:45:00,0.826204
2020-01-07 21:50:00,1.036124
2020-01-07 21:55:00,0.837122
2020-01-07 22:00:00,0.934515
2020-01-07 22:05:00,0.811245
2020-01-07 22:10:00,0.972356
2020-01-07 22:15:00,0.842735
2020-01-07 22:20:00,0.979208
2020-01-07 22:25:00,0.774183
2020-01-07 22:30:00,1.080206
2020-01-07 22:35:00,0.929164
2020-01-07 22:40:00,0.810829
2020-01-07 22:45:00,1.086668
2020-01-07 22:50:00,0.848510
2020-01-07 22:55:00,1.004735
2020-01-07 23:00:00,0.795605
2020-01-07 23:05:00,1.028801
2020-01-07 23:10:00,0.917437
2020-01-07 23:15:00,1.133844
2020-01-07 23:20:00,1.101560
2020-01-07 23:25:00,0.881330
2020-01-07 23:30:00,0.852689
2020-01-07 23:35:00,0.984500
2020-01-07 23:40:00,0.793837
2020-01-07 23:45:00,1.044615
2020-01-07 23:50:00,0.806889
2020-01-07 23:55:00,0.852411
2020-01-08 00:00:00,0.818247
2020-01-08 00:05:00,1.422893
2020-01-08 00:10:00,0.918277
2020-01-08 00:15:00,1.108412
2020-01-08 00:20:00,0.865546
2020-01-08 00:25:00,0.940963
2020-01-08 00:30:00,0.924829
2020-01-08 00:35:00,0.959243
2020-01-08 00:40:00,0.815219
2020-01-08 00:45:00,1.163839
2020-01-08 00:50:00,0.794572
2020-01-08 00:55:00,0.801752
2020-01-08 01:00:00,0.958890
2020-01-08 01:05:00,0.811410
2020-01-08 01:10:00,1.011150
2020-01-08 01:15:00,1.220418
2020-01-08 01:20:00,0.779195
2020-01-08 01:25:00,1.030283
2020-01-08 01:30:00,0.994543
2020-01-08 01:35:00,0.821533
2020-01-08 01:40:00,0.770607
2020-01-08 01:45:00,0.780974
2020-01-08 01:50:00,0.782242
2020-01-08 01:55:00,0.845698
2020-01-08 02:00:00,0.779026
2020-01-08 02:05:00,0.884736
2020-01-08 02:10:00,0.997522
2020-01-08 02:15:00,0.804136
2020-01-08 02:20:00,0.832890
2020-01-08 02:25:00,0.978149
2020-01-08 02:30:00,1.053967
2020-01-08 02:35:00,0.877064
2020-01-08 02:40:00,1.044407
2020-01-08 02:45:00,0.848291
2020-01-08 02:50:00,1.020769
2020-01-08 02:55:00,0.829605
2020-01-08 03:00:00,0.818072
2020-01-08 03:05:00,0.870661
2020-01-08 03:10:00,1.068813
2020-01-08 03:15:00,0.771840
2020-01-08 03:20:00,1.107470
2020-01-08 03:25:00,0.885653
2020-01-08 03:30:00,1.492047
2020-01-08 03:35:00,1.187107
2020-01-08 03:40:00,1.288210
2020-01-08 03:45:00,1.175271
2020-01-08 03:50:00,1.269699
2020-01-08 03:55:00,1.341263
2020-01-08 04:00:00,1.270136
2020-01-08 04:05:00,1.339244
2020-01-08 04:10:00,1.235457
2020-01-08 04:15:00,1.193113
2020-01-08 04:20:00,1.182361
2020-01-08 04:25:00,1.286467
2020-01-08 04:30:00,1.317092
2020-01-08 04:35:00,1.352570
2020-01-08 04:40:00,1.217912
2020-01-08 04:45:00,1.553309
2020-01-08 04:50:00,1.062788
2020-01-08 04:55:00,1.079572
2020-01-08 05:00:00,0.956302
2020-01-08 05:05:00,0.925773
2020-01-08 05:10:00,1.136731
2020-01-08 05:15:00,1.069557
2020-01-08 05:20:00,1.086286
2020-01-08 05:25:00,1.038734
2020-01-08 05:30:00,0.978009
2020-01-08 05:35:00,0.890829
2020-01-08 05:40:00,0.917469
2020-01-08 05:45:00,0.847688
2020-01-08 05:50:00,0.815261
2020-01-08 05:55:00,0.847959
2020-01-08 06:00:00,0.774003
2020-01-08 06:05:00,0.839459
2020-01-08 06:10:00,0.953628
2020-01-08 06:15:00,0.861846
2020-01-08 06:20:00,0.870292
2020-01-08 06:25:00,1.001420
2020-01-08 06:30:00,1.095379
2020-01-08 06:35:00,1.026046
2020-01-08 06:40:00,0.906246
2020-01-08 06:45:00,0.774005
2020-01-08 06:50:00,0.779772
2020-01-08 06:55:00,0.851560
2020-01-08 07:00:00,0.988320
2020-01-08 07:05:00,0.939920
2020-01-08 07:10:00,1.286175
2020-01-08 07:15:00,0.793771
2020-01-08 07:20:00,0.926594
2020-01-08 07:25:00,0.845358
2020-01-08 07:30:00,0.983514
2020-01-08 07:35:00,0.835829
2020-01-08 07:40:00,0.968737
2020-01-08 07:45:00,0.833516
2020-01-08 07:50:00,0.879720
2020-01-08 07:55:00,1.004094
2020-01-08 08:00:00,1.048885
2020-01-08 08:05:00,0.886139
2020-01-08 08:10:00,0.845636
2020-01-08 08:15:00,1.022905
2020-01-08 08:20:00,0.904351
2020-01-08 08:25:00,0.828249
2020-01-08 08:30:00,0.778170
2020-01-08 08:35:00,1.098070
2020-01-08 08:40:00,0.911042
2020-01-08 08:45:00,0.791871
2020-01-08 08:50:00,0.797609
2020-01-08 08:55:00,0.952798
2020-01-08 09:00:00,0.990990
2020-01-08 09:05:00,1.181689
2020-01-08 09:10:00,1.013361
2020-01-08 09:15:00,0.936839
2020-01-08 09:20:00,0.785398
2020-01-08 09:25:00,0.975362
2020-01-08 09:30:00,1.084003
2020-01-08 09:35:00,0.803788
2020-01-08 09:40:00,0.951558
2020-01-08 09:45:00,0.925702
2020-01-08 09:50:00,0.786663
2020-01-08 09:55:00,0.778834
2020-01-08 10:00:00,1.028554
2020-01-08 10:05:00,0.993681
2020-01-08 10:10:00,0.858826
2020-01-08 10:15:00,1.025791
2020-01-08 10:20:00,1.069901
2020-01-08 10:25:00,0.805056
2020-01-08 10:30:00,1.111120
2020-01-08 10:35:00,0.814512
2020-01-08 10:40:00,0.821764
2020-01-08 10:45:00,0.979087
2020-01-08 10:50:00,0.772894
2020-01-08 10:55:00,0.863348
2020-01-08 11:00:00,0.875088
2020-01-08 11:05:00,0.897559
2020-01-08 11:10:00,0.862403
2020-01-08 11:15:00,1.200168
2020-01-08 11:20:00,0.888757
2020-01-08 11:25:00,0.994201
2020-01-08 11:30:00,0.828427
2020-01-08 11:35:00,1.265686
2020-01-08 11:40:00,0.805232
2020-01-08 11:45:00,0.841478
2020-01-08 11:50:00,0.945691
2020-01-08 11:55:00,0.829605
2020-01-08 12:00:00,0.929656
2020-01-08 12:05:00,0.838033
2020-01-08 12:10:00,1.081900
2020-01-08 12:15:00,0.903511
2020-01-08 12:20:00,0.827430
2020-01-08 12:25:00,0.788322
2020-01-08 12:30:00,0.882698
2020-01-08 12:35:00,1.274938
2020-01-08 12:40:00,1.107900
2020-01-08 12:45:00,0.797299
2020-01-08 12:50:00,0.968228
2020-01-08 12:55:00,0.964401
2020-01-08 13:00:00,0.925288
2020-01-08 13:05:00,0.852863
2020-01-08 13:10:00,1.124173
2020-01-08 13:15:00,0.926027
2020-01-08 13:20:00,0.843606
2020-01-08 13:25:00,0.916655
2020-01-08 13:30:00,0.921553
2020-01-08 13:35:00,0.780760
2020-01-08 13:40:00,0.884300
2020-01-08 13:45:00,0.853977
2020-01-08 13:50:00,1.241417
2020-01-08 13:55:00,0.866922
2020-01-08 14:00:00,1.079320
2020-01-08 14:05:00,0.946346
2020-01-08 14:10:00,0.887387
2020-01-08 14:15:00,0.819735
2020-01-08 14:20:00,0.806776
2020-01-08 14:25:00,0.846946
2020-01-08 14:30:00,0.898509
2020-01-08 14:35:00,1.142420
2020-01-08 14:40:00,0.801315
2020-01-08 14:45:00,1.014053
2020-01-08 14:50:00,0.931767
2020-01-08 14:55:00,1.000604
2020-01-08 15:00:00,0.874028
2020-01-08 15:05:00,0.936473
2020-01-08 15:10:00,0.846707
2020-01-08 15:15:00,1.080446
2020-01-08 15:20:00,0.867781
2020-01-08 15:25:00,0.956759
2020-01-08 15:30:00,0.999926
2020-01-08 15:35:00,0.927751
2020-01-08 15:40:00,0.984221
2020-01-08 15:45:00,1.020255
2020-01-08 15:50:00,0.860609
2020-01-08 15:55:00,0.791855
2020-01-08 16:00:00,1.148113
2020-01-08 16:05:00,0.828909
2020-01-08 16:10:00,0.883940
2020-01-08 16:15:00,0.904281
2020-01-08 16:20:00,0.967122
2020-01-08 16:25:00,1.007495
2020-01-08 16:30:00,0.772606
2020-01-08 16:35:00,0.943684
2020-01-08 16:40:00,0.966019
2020-01-08 16:45:00,0.877129
2020-01-08 16:50:00,1.016657
2020-01-08 16:55:00,0.930023
2020-01-08 17:00:00,0.941123
2020-01-08 17:05:00,1.151090
2020-01-08 17:10:00,0.814332
2020-01-08 17:15:00,0.860535
2020-01-08 17:20:00,0.895653
2020-01-08 17:25:00,0.793536
2020-01-08 17:30:00,1.100085
2020-01-08 17:35:00,0.885288
2020-01-08 17:40:00,0.909840
2020-01-08 17:45:00,0.941825
2020-01-08 17:50:00,0.808232
2020-01-08 17:55:00,1.003089
2020-01-08 18:00:00,0.791813
2020-01-08 18:05:00,0.777592
2020-01-08 18:10:00,0.778297
2020-01-08 18:15:00,0.778969
2020-01-08 18:20:00,0.770991
2020-01-08 18:25:00,0.978011
2020-01-08 18:30:00,0.890099
2020-01-08 18:35:00,1.011674
2020-01-08 18:40:00,0.802982
2020-01-08 18:45:00,0.796015
2020-01-08 18:50:00,0.934275
2020-01-08 18:55:00,0.771891
2020-01-08 19:00:00,1.079353
2020-01-08 19:05:00,0.831468
2020-01-08 19:10:00,1.275082
2020-01-08 19:15:00,0.778253
2020-01-08 19:20:00,0.958488
2020-01-08 19:25:00,0.884080
2020-01-08 19:30:00,0.838095
2020-01-08 19:35:00,0.782385
2020-01-08 19:40:00,0.926610
2020-01-08 19:45:00,0.824169
2020-01-08 19:50:00,0.877597
2020-01-08 19:55:00,0.837005
2020-01-08 20:00:00,1.059744
2020-01-08 20:05:00,1.020380
2020-01-08 20:10:00,0.900511
2020-01-08 20:15:00,0.809317
2020-01-08 20:20:00,1.122598
2020-01-08 20:25:00,0.999305
2020-01-08 20:30:00,0.918373
2020-01-08 20:35:00,1.266819
2020-01-08 20:40:00,0.966372
2020-01-08 20:45:00,0.881593
2020-01-08 20:50:00,0.883472
2020-01-08 20:55:00,0.881802
2020-01-08 21:00:00,1.136580
2020-01-08 21:05:00,0.845897
2020-01-08 21:10:00,0.978459
2020-01-08 21:15:00,1.051765
2020-01-08 21:20:00,1.010736
2020-01-08 21:25:00,1.059168
2020-01-08 21:30:00,1.169715
2020-01-08 21:35:00,0.768084
2020-01-08 21:40:00,0.933847
2020-01-08 21:45:00,0.911074
2020-01-08 21:50:00,0.817367
2020-01-08 21:55:00,1.054979
2020-01-08 22:00:00,0.805331
2020-01-08 22:05:00,0.870757
2020-01-08 22:10:00,0.949260
2020-01-08 22:15:00,0.931689
2020-01-08 22:20:00,0.821438
2020-01-08 22:25:00,0.874887
2020-01-08 22:30:00,0.921340
2020-01-08 22:35:00,1.127315
2020-01-08 22:40:00,0.815323
2020-01-08 22:45:00,0.909031
2020-01-08 22:50:00,0.932128
2020-01-08 22:55:00,1.090054
2020-01-08 23:00:00,0.806131
2020-01-08 23:05:00,0.804796
2020-01-08 23:10:00,0.798612
2020-01-08 23:15:00,0.939740
2020-01-08 23:20:00,1.063060
2020-01-08 23:25:00,0.912049
2020-01-08 23:30:00,0.942743
2020-01-08 23:35:00,0.819528
2020-01-08 23:40:00,0.849022
2020-01-08 23:45:00,0.853602
2020-01-08 23:50:00,0.940461
2020-01-08 23:55:00,0.968476
2020-01-09 00:00:00,0.783461
2020-01-09 00:05:00,0.973550
2020-01-09 00:10:00,0.829635
2020-01-09 00:15:00,1.137097
2020-01-09 00:20:00,0.836903
2020-01-09 00:25:00,0.951159
2020-01-09 00:30:00,1.023590
2020-01-09 00:35:00,0.849953
2020-01-09 00:40:00,0.907492
2020-01-09 00:45:00,0.926237
2020-01-09 00:50:00,1.116351
2020-01-09 00:55:00,0.936723
2020-01-09 01:00:00,0.806266
2020-01-09 01:05:00,0.934853
2020-01-09 01:10:00,0.897542
2020-01-09 01:15:00,0.790884
2020-01-09 01:20:00,0.775046
2020-01-09 01:25:00,0.944340
2020-01-09 01:30:00,0.882877
2020-01-09 01:35:00,0.896609
2020-01-09 01:40:00,0.921386
2020-01-09 01:45:00,0.964091
2020-01-09 01:50:00,1.065613
2020-01-09 01:55:00,0.990035
2020-01-09 02:00:00,0.814615
2020-01-09 02:05:00,0.899787
2020-01-09 02:10:00,1.187730
2020-01-09 02:15:00,0.900063
2020-01-09 02:20:00,1.054181
2020-01-09 02:25:00,0.987854
2020-01-09 02:30:00,0.927499
2020-01-09 02:35:00,0.969193
2020-01-09 02:40:00,1.085642
2020-01-09 02:45:00,0.797743
2020-01-09 02:50:00,1.158061
2020-01-09 02:55:00,0.984722
2020-01-09 03:00:00,0.841852
2020-01-09 03:05:00,0.829260
2020-01-09 03:10:00,0.913235
2020-01-09 03:15:00,0.821857
2020-01-09 03:20:00,0.880784
2020-01-09 03:25:00,1.128299
2020-01-09 03:30:00,0.804718
2020-01-09 03:35:00,1.092105
2020-01-09 03:40:00,0.919826
2020-01-09 03:45:00,1.139765
2020-01-09 03:50:00,0.858643
2020-01-09 03:55:00,1.013336
2020-01-09 04:00:00,0.936591
2020-01-09 04:05:00,0.815615
2020-01-09 04:10:00,0.946936
2020-01-09 04:15:00,0.965288
2020-01-09 04:20:00,0.837384
2020-01-09 04:25:00,0.989287
2020-01-09 04:30:00,0.841804
2020-01-09 04:35:00,1.006511
2020-01-09 04:40:00,0.772388
2020-01-09 04:45:00,0.769128
2020-01-09 04:50:00,0.843608
2020-01-09 04:55:00,0.900239
2020-01-09 05:00:00,1.151678
2020-01-09 05:05:00,0.909177
2020-01-09 05:10:00,1.035055
2020-01-09 05:15:00,0.888156
2020-01-09 05:20:00,1.091099
2020-01-09 05:25:00,1.002765
2020-01-09 05:30:00,0.955174
2020-01-09 05:35:00,0.792128
2020-01-09 05:40:00,1.047018
2020-01-09 05:45:00,0.960458
2020-01-09 05:50:00,0.856859
2020-01-09 05:55:00,0.952198
2020-01-09 06:00:00,0.923568
2020-01-09 06:05:00,0.827166
2020-01-09 06:10:00,0.871685
2020-01-09 06:15:00,0.936595
2020-01-09 06:20:00,1.023519
2020-01-09 06:25:00,0.904460
2020-01-09 06:30:00,0.990142
2020-01-09 06:35:00,0.784708
2020-01-09 06:40:00,0.794266
2020-01-09 06:45:00,0.941781
2020-01-09 06:50:00,0.832559
2020-01-09 06:55:00,0.823260
2020-01-09 07:00:00,0.835913
2020-01-09 07:05:00,1.060311
2020-01-09 07:10:00,0.769761
2020-01-09 07:15:00,0.953424
2020-01-09 07:20:00,0.809587
2020-01-09 07:25:00,0.792854
2020-01-09 07:30:00,0.793045
2020-01-09 07:35:00,0.880872
2020-01-09 07:40:00,0.800665
2020-01-09 07:45:00,0.864428
2020-01-09 07:50:00,1.010343
2020-01-09 07:55:00,0.968100
2020-01-09 08:00:00,0.796537
2020-01-09 08:05:00,1.065911
2020-01-09 08:10:00,0.969632
2020-01-09 08:15:00,0.893105
2020-01-09 08:20:00,0.920597
2020-01-09 08:25:00,1.256445
2020-01-09 08:30:00,1.101470
2020-01-09 08:35:00,0.792478
2020-01-09 08:40:00,0.774075
2020-01-09 08:45:00,0.801309
2020-01-09 08:50:00,0.921972
2020-01-09 08:55:00,1.187396
2020-01-09 09:00:00,0.945832
2020-01-09 09:05:00,0.837202
2020-01-09 09:10:00,1.046700
2020-01-09 09:15:00,1.151008
2020-01-09 09:20:00,0.778478
2020-01-09 09:25:00,0.990748
2020-01-09 09:30:00,0.825503
2020-01-09 09:35:00,1.014929
2020-01-09 09:40:00,0.783262
2020-01-09 09:45:00,1.066069
2020-01-09 09:50:00,0.923980
2020-01-09 09:55:00,0.798284
2020-01-09 10:00:00,0.815962
2020-01-09 10:05:00,0.827663
2020-01-09 10:10:00,0.799281
2020-01-09 10:15:00,0.959898
2020-01-09 10:20:00,0.780970
2020-01-09 10:25:00,0.957403
2020-01-09 10:30:00,0.974756
2020-01-09 10:35:00,0.842496
2020-01-09 10:40:00,0.781496
2020-01-09 10:45:00,0.940753
2020-01-09 10:50:00,0.898651
2020-01-09 10:55:00,0.809609
2020-01-09 11:00:00,0.982732
2020-01-09 11:05:00,0.895395
2020-01-09 11:10:00,0.845730
2020-01-09 11:15:00,0.835203
2020-01-09 11:20:00,1.104902
2020-01-09 11:25:00,0.984229
2020-01-09 11:30:00,1.236639
2020-01-09 11:35:00,0.815389
2020-01-09 11:40:00,0.910208
2020-01-09 11:45:00,0.967678
2020-01-09 11:50:00,0.938034
2020-01-09 11:55:00,0.973429
2020-01-09 12:00:00,0.891813
2020-01-09 12:05:00,1.080036
2020-01-09 12:10:00,0.769395
2020-01-09 12:15:00,1.026443
2020-01-09 12:20:00,1.138778
2020-01-09 12:25:00,0.924760
2020-01-09 12:30:00,0.975839
2020-01-09 12:35:00,0.950516
2020-01-09 12:40:00,0.850762
2020-01-09 12:45:00,0.819037
2020-01-09 12:50:00,0.939721
2020-01-09 12:55:00,0.928768
2020-01-09 13:00:00,0.872209
2020-01-09 13:05:00,0.855236
2020-01-09 13:10:00,1.123179
2020-01-09 13:15:00,0.877209
2020-01-09 13:20:00,1.002298
2020-01-09 13:25:00,1.084402
2020-01-09 13:30:00,0.884856
2020-01-09 13:35:00,0.856372
2020-01-09 13:40:00,0.869016
2020-01-09 13:45:00,0.818321
2020-01-09 13:50:00,0.923175
2020-01-09 13:55:00,0.859382
2020-01-09 14:00:00,0.835172
2020-01-09 14:05:00,0.853781
2020-01-09 14:10:00,0.989954
2020-01-09 14:15:00,0.895099
2020-01-09 14:20:00,0.882744
2020-01-09 14:25:00,0.840679
2020-01-09 14:30:00,0.817756
2020-01-09 14:35:00,1.057358
2020-01-09 14:40:00,0.955683
2020-01-09 14:45:00,0.800273
2020-01-09 14:50:00,0.952577
2020-01-09 14:55:00,0.833990
2020-01-09 15:00:00,0.793643
2020-01-09 15:05:00,1.021497
2020-01-09 15:10:00,0.963798
2020-01-09 15:15:00,0.860888
2020-01-09 15:20:00,0.806898
2020-01-09 15:25:00,0.773709
2020-01-09 15:30:00,0.837218
2020-01-09 15:35:00,0.996897
2020-01-09 15:40:00,1.102162
2020-01-09 15:45:00,1.194048
2020-01-09 15:50:00,1.083027
2020-01-09 15:55:00,1.064645
2020-01-09 16:00:00,0.844355
2020-01-09 16:05:00,0.839105
2020-01-09 16:10:00,0.930466
2020-01-09 16:15:00,0.871532
2020-01-09 16:20:00,2.613926
2020-01-09 16:25:00,2.587660
2020-01-09 16:30:00,2.966057
2020-01-09 16:35:00,2.601901
2020-01-09 16:40:00,2.591496
2020-01-09 16:45:00,2.521495
2020-01-09 16:50:00,2.981669
2020-01-09 16:55:00,2.875736
2020-01-09 17:00:00,2.774078
2020-01-09 17:05:00,2.720715
2020-01-09 17:10:00,2.579086
2020-01-09 17:15:00,2.663198
2020-01-09 17:20:00,2.656424
2020-01-09 17:25:00,0.772684
2020-01-09 17:30:00,0.767355
2020-01-09 17:35:00,1.064065
2020-01-09 17:40:00,0.941638
2020-01-09 17:45:00,0.922733
2020-01-09 17:50:00,0.924909
2020-01-09 17:55:00,0.767158
2020-01-09 18:00:00,0.920733
2020-01-09 18:05:00,0.823816
2020-01-09 18:10:00,0.962976
2020-01-09 18:15:00,1.022532
2020-01-09 18:20:00,0.991809
2020-01-09 18:25:00,0.911667
2020-01-09 18:30:00,0.845053
2020-01-09 18:35:00,0.874716
2020-01-09 18:40:00,0.837350
2020-01-09 18:45:00,0.770449
2020-01-09 18:50:00,1.043426
2020-01-09 18:55:00,0.793516
2020-01-09 19:00:00,0.785239
2020-01-09 19:05:00,0.767113
2020-01-09 19:10:00,0.995041
2020-01-09 19:15:00,0.790741
2020-01-09 19:20:00,1.115456
2020-01-09 19:25:00,0.920259
2020-01-09 19:30:00,0.790558
2020-01-09 19:35:00,0.938615
2020-01-09 19:40:00,1.091945
2020-01-09 19:45:00,0.889172
2020-01-09 19:50:00,0.943450
2020-01-09 19:55:00,0.891346
2020-01-09 20:00:00,1.060156
2020-01-09 20:05:00,1.183724
2020-01-09 20:10:00,1.027307
2020-01-09 20:15:00,0.781719
2020-01-09 20:20:00,1.017178
2020-01-09 20:25:00,0.785070
2020-01-09 20:30:00,0.923578
2020-01-09 20:35:00,1.001566
2020-01-09 20:40:00,0.850031
2020-01-09 20:45:00,0.870848
2020-01-09 20:50:00,0.814497
2020-01-09 20:55:00,1.010478
2020-01-09 21:00:00,1.094399
2020-01-09 21:05:00,0.985142
2020-01-09 21:10:00,0.977175
2020-01-09 21:15:00,0.810244
2020-01-09 21:20:00,0.799063
2020-01-09 21:25:00,0.778377
2020-01-09 21:30:00,0.772354
2020-01-09 21:35:00,0.857999
2020-01-09 21:40:00,0.897164
2020-01-09 21:45:00,1.113589
2020-01-09 21:50:00,1.001904
2020-01-09 21:55:00,0.996918
2020-01-09 22:00:00,1.219479
2020-01-09 22:05:00,0.766823
2020-01-09 22:10:00,0.939075
2020-01-09 22:15:00,1.221223
2020-01-09 22:20:00,0.994360
2020-01-09 22:25:00,1.087391
2020-01-09 22:30:00,0.852303
2020-01-09 22:35:00,0.880252
2020-01-09 22:40:00,0.911056
2020-01-09 22:45:00,0.951316
2020-01-09 22:50:00,0.838101
2020-01-09 22:55:00,1.000791
2020-01-09 23:00:00,0.877908
2020-01-09 23:05:00,0.945862
2020-01-09 23:10:00,0.909034
2020-01-09 23:15:00,0.906184
2020-01-09 23:20:00,1.102351
2020-01-09 23:25:00,0.912296
2020-01-09 23:30:00,0.833235
2020-01-09 23:35:00,1.087849
2020-01-09 23:40:00,0.829363
2020-01-09 23:45:00,1.084643
2020-01-09 23:50:00,0.777121
2020-01-09 23:55:00,0.778581
2020-01-10 00:00:00,0.940551
2020-01-10 00:05:00,1.006920
2020-01-10 00:10:00,0.955522
2020-01-10 00:15:00,0.866868
2020-01-10 00:20:00,0.919416
2020-01-10 00:25:00,1.080024
2020-01-10 00:30:00,0.927533
2020-01-10 00:35:00,0.821955
2020-01-10 00:40:00,1.049800
2020-01-10 00:45:00,0.871333
2020-01-10 00:50:00,1.001570
2020-01-10 00:55:00,1.121060
2020-01-10 01:00:00,1.043753
2020-01-10 01:05:00,0.890557
2020-01-10 01:10:00,0.944129
2020-01-10 01:15:00,0.847926
2020-01-10 01:20:00,1.003105
2020-01-10 01:25:00,1.074296
2020-01-10 01:30:00,0.934989
2020-01-10 01:35:00,0.918097
2020-01-10 01:40:00,1.120678
2020-01-10 01:45:00,0.814565
2020-01-10 01:50:00,1.165863
2020-01-10 01:55:00,0.835395
2020-01-10 02:00:00,1.333104
2020-01-10 02:05:00,0.912390
2020-01-10 02:10:00,0.801982
2020-01-10 02:15:00,0.853396
2020-01-10 02:20:00,0.784236
2020-01-10 02:25:00,0.899920
2020-01-10 02:30:00,0.933944
2020-01-10 02:35:00,0.991138
2020-01-10 02:40:00,0.802643
2020-01-10 02:45:00,0.921374
2020-01-10 02:50:00,0.947644
2020-01-10 02:55:00,0.918601
2020-01-10 03:00:00,0.807928
2020-01-10 03:05:00,0.867821
2020-01-10 03:10:00,1.097543
2020-01-10 03:15:00,0.807853
2020-01-10 03:20:00,0.935380
2020-01-10 03:25:00,0.771701
2020-01-10 03:30:00,0.971620
2020-01-10 03:35:00,1.286996
2020-01-10 03:40:00,0.810171
2020-01-10 03:45:00,0.920567
2020-01-10 03:50:00,0.982191
2020-01-10 03:55:00,0.894299
2020-01-10 04:00:00,0.768030
2020-01-10 04:05:00,0.931524
2020-01-10 04:10:00,1.016405
2020-01-10 04:15:00,0.788088
2020-01-10 04:20:00,0.785854
2020-01-10 04:25:00,0.825259
2020-01-10 04:30:00,0.804033
2020-01-10 04:35:00,0.903008
2020-01-10 04:40:00,1.019979
2020-01-10 04:45:00,0.807743
2020-01-10 04:50:00,0.792603
2020-01-10 04:55:00,0.962108
2020-01-10 05:00:00,1.001230
2020-01-10 05:05:00,0.768377
2020-01-10 05:10:00,0.791984
2020-01-10 05:15:00,0.783534
2020-01-10 05:20:00,0.934975
2020-01-10 05:25:00,0.962693
2020-01-10 05:30:00,0.839711
2020-01-10 05:35:00,0.807207
2020-01-10 05:40:00,0.835376
2020-01-10 05:45:00,0.952430
2020-01-10 05:50:00,0.778643
2020-01-10 05:55:00,0.837953
2020-01-10 06:00:00,0.908041
2020-01-10 06:05:00,0.835882
2020-01-10 06:10:00,0.833461
2020-01-10 06:15:00,0.850792
2020-01-10 06:20:00,1.084001
2020-01-10 06:25:00,1.072398
2020-01-10 06:30:00,0.982987
2020-01-10 06:35:00,0.853118
2020-01-10 06:40:00,0.828115
2020-01-10 06:45:00,1.025736
2020-01-10 06:50:00,0.885079
2020-01-10 06:55:00,0.794050
2020-01-10 07:00:00,1.026015
2020-01-10 07:05:00,0.826018
2020-01-10 07:10:00,1.205210
2020-01-10 07:15:00,0.991925
2020-01-10 07:20:00,1.053009
2020-01-10 07:25:00,0.821062
2020-01-10 07:30:00,1.168758
2020-01-10 07:35:00,0.824780
2020-01-10 07:40:00,0.796023
2020-01-10 07:45:00,0.826981
2020-01-10 07:50:00,0.881599
2020-01-10 07:55:00,1.087139
2020-01-10 08:00:00,0.862534
2020-01-10 08:05:00,0.791107
2020-01-10 08:10:00,0.950632
2020-01-10 08:15:00,0.787939
2020-01-10 08:20:00,0.998449
2020-01-10 08:25:00,1.024183
2020-01-10 08:30:00,1.281147
2020-01-10 08:35:00,0.845593
2020-01-10 08:40:00,0.771288
2020-01-10 08:45:00,0.931098
2020-01-10 08:50:00,0.999172
2020-01-10 08:55:00,0.779403
2020-01-10 09:00:00,1.026374
2020-01-10 09:05:00,0.821634
2020-01-10 09:10:00,0.796027
2020-01-10 09:15:00,0.892451
2020-01-10 09:20:00,0.796922
2020-01-10 09:25:00,1.001342
2020-01-10 09:30:00,1.280588
2020-01-10 09:35:00,0.900892
2020-01-10 09:40:00,0.865335
2020-01-10 09:45:00,0.843810
2020-01-10 09:50:00,1.066728
2020-01-10 09:55:00,0.880116
2020-01-10 10:00:00,1.048083
2020-01-10 10:05:00,1.127905
2020-01-10 10:10:00,0.829498
2020-01-10 10:15:00,0.892317
2020-01-10 10:20:00,0.814988
2020-01-10 10:25:00,1.060262
2020-01-10 10:30:00,1.043249
2020-01-10 10:35:00,0.856167
2020-01-10 10:40:00,0.992427
2020-01-10 10:45:00,1.103853
2020-01-10 10:50:00,0.843131
2020-01-10 10:55:00,0.849705
2020-01-10 11:00:00,0.889988
2020-01-10 11:05:00,0.828463
2020-01-10 11:10:00,0.886969
2020-01-10 11:15:00,1.146819
2020-01-10 11:20:00,0.786078
2020-01-10 11:25:00,0.822365
2020-01-10 11:30:00,0.818294
2020-01-10 11:35:00,0.878071
2020-01-10 11:40:00,0.780426
2020-01-10 11:45:00,0.863049
2020-01-10 11:50:00,1.012275
2020-01-10 11:55:00,0.954261
2020-01-10 12:00:00,0.954015
2020-01-10 12:05:00,0.855737
2020-01-10 12:10:00,1.003540
2020-01-10 12:15:00,0.827893
2020-01-10 12:20:00,0.829456
2020-01-10 12:25:00,0.779159
2020-01-10 12:30:00,0.772554
2020-01-10 12:35:00,0.917489
2020-01-10 12:40:00,0.983639
2020-01-10 12:45:00,0.963827
2020-01-10 12:50:00,0.981595
2020-01-10 12:55:00,1.149636
2020-01-10 13:00:00,0.981223
2020-01-10 13:05:00,0.860180
2020-01-10 13:10:00,0.860539
2020-01-10 13:15:00,0.973857
2020-01-10 13:20:00,1.048570
2020-01-10 13:25:00,1.016970
2020-01-10 13:30:00,0.904996
2020-01-10 13:35:00,0.911713
2020-01-10 13:40:00,0.911730
2020-01-10 13:45:00,1.274335
2020-01-10 13:50:00,0.882460
2020-01-10 13:55:00,0.918927
2020-01-10 14:00:00,0.836382
2020-01-10 14:05:00,0.872674
2020-01-10 14:10:00,0.768529
2020-01-10 14:15:00,0.862772
2020-01-10 14:20:00,0.830068
2020-01-10 14:25:00,0.827731
2020-01-10 14:30:00,0.938137
2020-01-10 14:35:00,0.838547
2020-01-10 14:40:00,0.780221
2020-01-10 14:45:00,0.858522
2020-01-10 14:50:00,0.904783
2020-01-10 14:55:00,1.203120
2020-01-10 15:00:00,0.889970
2020-01-10 15:05:00,0.975378
2020-01-10 15:10:00,0.977085
2020-01-10 15:15:00,0.787906
2020-01-10 15:20:00,0.779857
2020-01-10 15:25:00,0.963298
2020-01-10 15:30:00,1.100977
2020-01-10 15:35:00,0.782297
2020-01-10 15:40:00,0.886156
2020-01-10 15:45:00,0.771738
2020-01-10 15:50:00,0.971407
2020-01-10 15:55:00,1.102543
2020-01-10 16:00:00,2.024459
2020-01-10 16:05:00,2.062140
2020-01-10 16:10:00,2.075933
2020-01-10 16:15:00,1.923099
2020-01-10 16:20:00,1.993737
2020-01-10 16:25:00,1.973415
2020-01-10 16:30:00,2.199109
2020-01-10 16:35:00,2.116127
2020-01-10 16:40:00,2.384474
2020-01-10 16:45:00,2.207679
2020-01-10 16:50:00,1.970822
2020-01-10 16:55:00,2.231263
2020-01-10 17:00:00,2.356479
2020-01-10 17:05:00,0.783262
2020-01-10 17:10:00,0.828042
2020-01-10 17:15:00,1.039325
2020-01-10 17:20:00,1.032808
2020-01-10 17:25:00,0.934756
2020-01-10 17:30:00,0.798644
2020-01-10 17:35:00,1.190657
2020-01-10 17:40:00,0.912008
2020-01-10 17:45:00,0.933478
2020-01-10 17:50:00,1.105004
2020-01-10 17:55:00,1.000587
2020-01-10 18:00:00,1.097817
2020-01-10 18:05:00,0.835749
2020-01-10 18:10:00,0.809726
2020-01-10 18:15:00,0.904512
2020-01-10 18:20:00,0.770387
2020-01-10 18:25:00,0.992228
2020-01-10 18:30:00,0.819065
2020-01-10 18:35:00,1.126886
2020-01-10 18:40:00,1.002459
2020-01-10 18:45:00,0.878720
2020-01-10 18:50:00,0.771414
2020-01-10 18:55:00,0.942235
2020-01-10 19:00:00,0.854757
2020-01-10 19:05:00,0.908243
2020-01-10 19:10:00,1.013059
2020-01-10 19:15:00,1.007347
2020-01-10 19:20:00,1.107504
2020-01-10 19:25:00,0.975692
2020-01-10 19:30:00,0.892255
2020-01-10 19:35:00,0.915698
2020-01-10 19:40:00,1.167281
2020-01-10 19:45:00,0.860250
2020-01-10 19:50:00,0.861070
2020-01-10 19:55:00,0.859254
2020-01-10 20:00:00,0.843554
2020-01-10 20:05:00,0.943139
2020-01-10 20:10:00,0.884057
2020-01-10 20:15:00,0.878443
2020-01-10 20:20:00,0.897821
2020-01-10 20:25:00,0.956824
2020-01-10 20:30:00,0.825760
2020-01-10 20:35:00,1.029791
2020-01-10 20:40:00,0.803347
2020-01-10 20:45:00,1.168782
2020-01-10 20:50:00,0.864535
2020-01-10 20:55:00,0.978804
2020-01-10 21:00:00,0.863897
2020-01-10 21:05:00,0.990183
2020-01-10 21:10:00,0.896825
2020-01-10 21:15:00,0.770959
2020-01-10 21:20:00,0.767230
2020-01-10 21:25:00,0.769350
2020-01-10 21:30:00,0.927770
2020-01-10 21:35:00,0.814540
2020-01-10 21:40:00,0.807191
2020-01-10 21:45:00,0.824563
2020-01-10 21:50:00,0.859253
2020-01-10 21:55:00,1.089631
2020-01-10 22:00:00,1.002989
2020-01-10 22:05:00,0.783674
2020-01-10 22:10:00,0.785894
2020-01-10 22:15:00,1.042051
2020-01-10 22:20:00,0.780285
2020-01-10 22:25:00,1.033865
2020-01-10 22:30:00,0.884414
2020-01-10 22:35:00,1.024137
2020-01-10 22:40:00,1.061826
2020-01-10 22:45:00,0.841804
2020-01-10 22:50:00,1.119141
2020-01-10 22:55:00,0.856173
2020-01-10 23:00:00,0.979744
2020-01-10 23:05:00,1.030287
2020-01-10 23:10:00,1.035100
2020-01-10 23:15:00,0.912748
2020-01-10 23:20:00,0.868951
2020-01-10 23:25:00,0.978323
2020-01-10 23:30:00,0.930312
2020-01-10 23:35:00,0.830356
2020-01-10 23:40:00,1.093031
2020-01-10 23:45:00,0.798139
2020-01-10 23:50:00,0.796055
2020-01-10 23:55:00,0.957102
2020-01-11 00:00:00,0.779660
2020-01-11 00:05:00,0.772889
2020-01-11 00:10:00,0.819541
2020-01-11 00:15:00,0.982752
2020-01-11 00:20:00,0.782384
2020-01-11 00:25:00,0.818471
2020-01-11 00:30:00,0.873274
2020-01-11 00:35:00,0.802586
2020-01-11 00:40:00,0.956857
2020-01-11 00:45:00,0.897954
2020-01-11 00:50:00,0.892177
2020-01-11 00:55:00,1.023411
2020-01-11 01:00:00,1.079686
2020-01-11 01:05:00,0.848783
2020-01-11 01:10:00,1.002566
2020-01-11 01:15:00,0.901105
2020-01-11 01:20:00,1.094847
2020-01-11 01:25:00,0.802775
2020-01-11 01:30:00,1.056148
2020-01-11 01:35:00,1.052512
2020-01-11 01:40:00,0.921967
2020-01-11 01:45:00,1.109697
2020-01-11 01:50:00,0.769248
2020-01-11 01:55:00,1.082730
2020-01-11 02:00:00,0.879756
2020-01-11 02:05:00,0.815027
2020-01-11 02:10:00,1.342887
2020-01-11 02:15:00,1.046540
2020-01-11 02:20:00,0.904647
2020-01-11 02:25:00,0.957700
2020-01-11 02:30:00,0.792693
2020-01-11 02:35:00,0.927497
2020-01-11 02:40:00,0.916051
2020-01-11 02:45:00,0.863514
2020-01-11 02:50:00,0.850366
2020-01-11 02:55:00,0.817633
2020-01-11 03:00:00,0.948458
2020-01-11 03:05:00,0.833597
2020-01-11 03:10:00,1.108206
2020-01-11 03:15:00,0.921810
2020-01-11 03:20:00,0.819936
2020-01-11 03:25:00,0.891054
2020-01-11 03:30:00,1.098846
2020-01-11 03:35:00,0.917071
2020-01-11 03:40:00,0.919423
2020-01-11 03:45:00,1.024347
2020-01-11 03:50:00,1.131669
2020-01-11 03:55:00,0.850347
2020-01-11 04:00:00,0.903690
2020-01-11 04:05:00,1.120649
2020-01-11 04:10:00,0.901110
2020-01-11 04:15:00,1.018447
2020-01-11 04:20:00,0.937661
2020-01-11 04:25:00,1.046143
2020-01-11 04:30:00,0.865797
2020-01-11 04:35:00,0.863620
2020-01-11 04:40:00,0.918990
2020-01-11 04:45:00,1.053484
2020-01-11 04:50:00,1.064141
2020-01-11 04:55:00,0.887117
2020-01-11 05:00:00,1.025191
2020-01-11 05:05:00,0.824471
2020-01-11 05:10:00,0.920933
2020-01-11 05:15:00,0.969725
2020-01-11 05:20:00,0.966798
2020-01-11 05:25:00,1.081828
2020-01-11 05:30:00,0.848234
2020-01-11 05:35:00,1.090212
2020-01-11 05:40:00,1.116130
2020-01-11 05:45:00,0.839409
2020-01-11 05:50:00,1.151417
2020-01-11 05:55:00,1.003687
2020-01-11 06:00:00,1.246577
2020-01-11 06:05:00,0.807093
2020-01-11 06:10:00,0.973263
2020-01-11 06:15:00,1.031786
2020-01-11 06:20:00,0.886137
2020-01-11 06:25:00,0.792061
2020-01-11 06:30:00,0.943658
2020-01-11 06:35:00,0.976284
2020-01-11 06:40:00,0.851194
2020-01-11 06:45:00,0.884263
2020-01-11 06:50:00,0.865550
2020-01-11 06:55:00,0.957552
2020-01-11 07:00:00,1.255564
2020-01-11 07:05:00,0.991063
2020-01-11 07:10:00,0.813169
2020-01-11 07:15:00,1.016459
2020-01-11 07:20:00,0.833947
2020-01-11 07:25:00,0.923923
2020-01-11 07:30:00,0.920743
2020-01-11 07:35:00,0.842925
2020-01-11 07:40:00,1.142562
2020-01-11 07:45:00,0.783626
2020-01-11 07:50:00,1.015964
2020-01-11 07:55:00,0.843312
2020-01-11 08:00:00,0.927890
2020-01-11 08:05:00,0.801328
2020-01-11 08:10:00,0.852621
2020-01-11 08:15:00,1.155615
2020-01-11 08:20:00,0.896421
2020-01-11 08:25:00,0.905475
2020-01-11 08:30:00,0.790640
2020-01-11 08:35:00,1.066480
2020-01-11 08:40:00,0.939686
2020-01-11 08:45:00,0.918494
2020-01-11 08:50:00,0.951303
2020-01-11 08:55:00,1.160718
2020-01-11 09:00:00,0.962382
2020-01-11 09:05:00,0.968997
2020-01-11 09:10:00,1.013585
2020-01-11 09:15:00,1.038201
2020-01-11 09:20:00,0.862846
2020-01-11 09:25:00,0.951829
2020-01-11 09:30:00,0.942436
2020-01-11 09:35:00,0.991495
2020-01-11 09:40:00,0.981473
2020-01-11 09:45:00,0.942913
2020-01-11 09:50:00,0.795499
2020-01-11 09:55:00,0.809219
